algorithmName,terrainType,randomSeed,boardSize,numObjects,collectedDamon,returnedHome,objectsCollected,stepsTaken,runtime,estimationNoise,startingBattery,usedBattery,,,,,,,,,,,,,,,,
Genetic,Pure Random,-1.61E+18,64,5,true,true,5,391,1.14E+11,0,409.6,67.31256157,eliteProp,0.1,mutateProb,0.05,generations,50,populationSize,100,planLength,15,selectionProp,0.25,marginProp,1.5,mutationProp,0.25
Greedy,Pure Random,-1.61E+18,64,5,true,true,0,197,2174700,0,409.6,35.15324705,,,,,,,,,,,,,,,,
Ants,Pure Random,-1.61E+18,64,5,true,true,5,1021,1.71E+11,0,409.6,161.0954884,evaporationFactor,0.5,ants,50,roverSteps,20,alpha,1,beta,3,iterations,100,,,,
Genetic,Pure Random,3.42E+18,64,5,true,true,5,263,58945396400,0,204.8,47.20847478,eliteProp,0.1,mutateProb,0.05,generations,50,populationSize,100,planLength,15,selectionProp,0.25,marginProp,1.5,mutationProp,0.25
Greedy,Pure Random,3.42E+18,64,5,true,false,5,1230,3932000,0,204.8,204.7957939,,,,,,,,,,,,,,,,
Ants,Pure Random,3.42E+18,64,5,true,true,5,789,1.54E+11,0,204.8,123.3325234,evaporationFactor,0.5,ants,50,roverSteps,20,alpha,1,beta,3,iterations,100,,,,
Genetic,Pure Random,8.53E+18,64,5,true,true,3,551,75663314500,0,102.4,101.0409896,eliteProp,0.1,mutateProb,0.05,generations,50,populationSize,100,planLength,15,selectionProp,0.25,marginProp,1.5,mutationProp,0.25
Greedy,Pure Random,8.53E+18,64,5,true,true,0,415,505500,0,102.4,78.71708639,,,,,,,,,,,,,,,,
Ants,Pure Random,8.53E+18,64,5,true,false,3,663,93060704700,0,102.4,102.3524108,evaporationFactor,0.5,ants,50,roverSteps,20,alpha,1,beta,3,iterations,100,,,,
Genetic,Pure Random,4.80E+18,64,5,true,true,4,241,33411947600,0,51.2,48.19933189,eliteProp,0.1,mutateProb,0.05,generations,50,populationSize,100,planLength,15,selectionProp,0.25,marginProp,1.5,mutationProp,0.25
Greedy,Pure Random,4.80E+18,64,5,true,true,0,109,160100,0,51.2,21.61285073,,,,,,,,,,,,,,,,
Ants,Pure Random,4.80E+18,64,5,true,false,2,341,49886581200,0,51.2,50.79788121,evaporationFactor,0.5,ants,50,roverSteps,20,alpha,1,beta,3,iterations,100,,,,
Genetic,Pure Random,-3.34E+17,64,5,true,false,1,132,20295131700,0,25.6,25.52610103,eliteProp,0.1,mutateProb,0.05,generations,50,populationSize,100,planLength,15,selectionProp,0.25,marginProp,1.5,mutationProp,0.25
Greedy,Pure Random,-3.34E+17,64,5,false,false,0,99,86400,0,25.6,25.43383229,,,,,,,,,,,,,,,,
Ants,Pure Random,-3.34E+17,64,5,true,false,1,183,25407337600,0,25.6,25.53457428,evaporationFactor,0.5,ants,50,roverSteps,20,alpha,1,beta,3,iterations,100,,,,
Genetic,Pure Random,-8.19E+18,64,5,true,true,5,291,47789389700,0.1,409.6,55.58276775,eliteProp,0.1,mutateProb,0.05,generations,50,populationSize,100,planLength,15,selectionProp,0.25,marginProp,1.5,mutationProp,0.25
Greedy,Pure Random,-8.19E+18,64,5,true,true,1,93,127400,0.1,409.6,19.63823229,,,,,,,,,,,,,,,,
Ants,Pure Random,-8.19E+18,64,5,true,true,5,663,1.20E+11,0.1,409.6,111.1032188,evaporationFactor,0.5,ants,50,roverSteps,20,alpha,1,beta,3,iterations,100,,,,
Genetic,Pure Random,-2.96E+18,64,5,true,true,5,397,82507975400,0.1,204.8,72.58651892,eliteProp,0.1,mutateProb,0.05,generations,50,populationSize,100,planLength,15,selectionProp,0.25,marginProp,1.5,mutationProp,0.25
Greedy,Pure Random,-2.96E+18,64,5,true,true,3,913,1673000,0.1,204.8,179.3375299,,,,,,,,,,,,,,,,
Ants,Pure Random,-2.96E+18,64,5,true,true,5,1185,2.46E+11,0.1,204.8,198.8190961,evaporationFactor,0.5,ants,50,roverSteps,20,alpha,1,beta,3,iterations,100,,,,
Genetic,Pure Random,-5.75E+17,64,5,true,true,5,251,1.02E+11,0.1,102.4,48.50972139,eliteProp,0.1,mutateProb,0.05,generations,50,populationSize,100,planLength,15,selectionProp,0.25,marginProp,1.5,mutationProp,0.25
Greedy,Pure Random,-5.75E+17,64,5,true,true,0,149,244800,0.1,102.4,32.56826059,,,,,,,,,,,,,,,,
Ants,Pure Random,-5.75E+17,64,5,true,true,5,589,1.21E+11,0.1,102.4,97.27319463,evaporationFactor,0.5,ants,50,roverSteps,20,alpha,1,beta,3,iterations,100,,,,
Genetic,Pure Random,-6.03E+18,64,5,true,true,4,239,44088084000,0.1,51.2,49.31222027,eliteProp,0.1,mutateProb,0.05,generations,50,populationSize,100,planLength,15,selectionProp,0.25,marginProp,1.5,mutationProp,0.25
Greedy,Pure Random,-6.03E+18,64,5,true,true,0,121,229000,0.1,51.2,21.82222245,,,,,,,,,,,,,,,,
Ants,Pure Random,-6.03E+18,64,5,true,false,4,360,63932376500,0.1,51.2,51.19140409,evaporationFactor,0.5,ants,50,roverSteps,20,alpha,1,beta,3,iterations,100,,,,
Genetic,Pure Random,9.02E+18,64,5,true,true,0,129,39436352500,0.1,25.6,24.75439309,eliteProp,0.1,mutateProb,0.05,generations,50,populationSize,100,planLength,15,selectionProp,0.25,marginProp,1.5,mutationProp,0.25
Greedy,Pure Random,9.02E+18,64,5,false,false,0,147,193600,0.1,25.6,25.48855729,,,,,,,,,,,,,,,,
Ants,Pure Random,9.02E+18,64,5,false,false,0,144,23500543900,0.1,25.6,25.53570619,evaporationFactor,0.5,ants,50,roverSteps,20,alpha,1,beta,3,iterations,100,,,,
Genetic,Pure Random,1.67E+17,64,5,true,true,5,261,97376629300,0.2,409.6,54.48967598,eliteProp,0.1,mutateProb,0.05,generations,50,populationSize,100,planLength,15,selectionProp,0.25,marginProp,1.5,mutationProp,0.25
Greedy,Pure Random,1.67E+17,64,5,true,true,5,479,1097500,0.2,409.6,91.83288178,,,,,,,,,,,,,,,,
Ants,Pure Random,1.67E+17,64,5,true,false,4,687,1.39E+11,0.2,409.6,126.5567031,evaporationFactor,0.5,ants,50,roverSteps,20,alpha,1,beta,3,iterations,100,,,,
Genetic,Pure Random,1.27E+18,64,5,true,true,5,351,89038646600,0.2,204.8,73.11698872,eliteProp,0.1,mutateProb,0.05,generations,50,populationSize,100,planLength,15,selectionProp,0.25,marginProp,1.5,mutationProp,0.25
Greedy,Pure Random,1.27E+18,64,5,true,true,5,339,591500,0.2,204.8,69.13821035,,,,,,,,,,,,,,,,
Ants,Pure Random,1.27E+18,64,5,true,true,5,607,1.31E+11,0.2,204.8,112.5473631,evaporationFactor,0.5,ants,50,roverSteps,20,alpha,1,beta,3,iterations,100,,,,
Genetic,Pure Random,-1.99E+17,64,5,true,true,5,447,1.41E+11,0.2,102.4,86.52070985,eliteProp,0.1,mutateProb,0.05,generations,50,populationSize,100,planLength,15,selectionProp,0.25,marginProp,1.5,mutationProp,0.25
Greedy,Pure Random,-1.99E+17,64,5,true,true,1,59,181400,0.2,102.4,11.66773863,,,,,,,,,,,,,,,,
Ants,Pure Random,-1.99E+17,64,5,true,false,1,592,1.11E+11,0.2,102.4,102.3604892,evaporationFactor,0.5,ants,50,roverSteps,20,alpha,1,beta,3,iterations,100,,,,
Genetic,Pure Random,-4.32E+18,64,5,true,true,4,243,47575137600,0.2,51.2,49.42957719,eliteProp,0.1,mutateProb,0.05,generations,50,populationSize,100,planLength,15,selectionProp,0.25,marginProp,1.5,mutationProp,0.25
Greedy,Pure Random,-4.32E+18,64,5,true,false,0,311,684500,0.2,51.2,50.97087976,,,,,,,,,,,,,,,,
Ants,Pure Random,-4.32E+18,64,5,true,false,2,278,50248152400,0.2,51.2,50.91825879,evaporationFactor,0.5,ants,50,roverSteps,20,alpha,1,beta,3,iterations,100,,,,
Genetic,Pure Random,-2.45E+18,64,5,true,true,1,113,21119118900,0.2,25.6,25.30789306,eliteProp,0.1,mutateProb,0.05,generations,50,populationSize,100,planLength,15,selectionProp,0.25,marginProp,1.5,mutationProp,0.25
Greedy,Pure Random,-2.45E+18,64,5,false,false,0,219,478000,0.2,25.6,25.55949696,,,,,,,,,,,,,,,,
Ants,Pure Random,-2.45E+18,64,5,true,false,0,136,23924644700,0.2,25.6,25.55391934,evaporationFactor,0.5,ants,50,roverSteps,20,alpha,1,beta,3,iterations,100,,,,
Genetic,Pure Random,-4.63E+18,64,5,true,true,5,317,85782954400,0.3,409.6,74.06190501,eliteProp,0.1,mutateProb,0.05,generations,50,populationSize,100,planLength,15,selectionProp,0.25,marginProp,1.5,mutationProp,0.25
Greedy,Pure Random,-4.63E+18,64,5,true,true,4,297,889100,0.3,409.6,62.2957529,,,,,,,,,,,,,,,,
Ants,Pure Random,-4.63E+18,64,5,true,false,3,561,1.41E+11,0.3,409.6,114.2887628,evaporationFactor,0.5,ants,50,roverSteps,20,alpha,1,beta,3,iterations,100,,,,
Genetic,Pure Random,-6.18E+18,64,5,true,true,5,377,71091054000,0.3,204.8,82.11319885,eliteProp,0.1,mutateProb,0.05,generations,50,populationSize,100,planLength,15,selectionProp,0.25,marginProp,1.5,mutationProp,0.25
Greedy,Pure Random,-6.18E+18,64,5,true,true,3,879,1285400,0.3,204.8,185.6790409,,,,,,,,,,,,,,,,
Ants,Pure Random,-6.18E+18,64,5,true,true,5,843,1.32E+11,0.3,204.8,169.8693235,evaporationFactor,0.5,ants,50,roverSteps,20,alpha,1,beta,3,iterations,100,,,,
Genetic,Pure Random,7.88E+18,64,5,true,true,5,243,36614327500,0.3,102.4,52.7409899,eliteProp,0.1,mutateProb,0.05,generations,50,populationSize,100,planLength,15,selectionProp,0.25,marginProp,1.5,mutationProp,0.25
Greedy,Pure Random,7.88E+18,64,5,true,true,5,367,437600,0.3,102.4,74.0578849,,,,,,,,,,,,,,,,
Ants,Pure Random,7.88E+18,64,5,true,false,4,590,73672375200,0.3,102.4,102.3901864,evaporationFactor,0.5,ants,50,roverSteps,20,alpha,1,beta,3,iterations,100,,,,
Genetic,Pure Random,2.54E+18,64,5,true,true,4,219,28981568300,0.3,51.2,48.85976106,eliteProp,0.1,mutateProb,0.05,generations,50,populationSize,100,planLength,15,selectionProp,0.25,marginProp,1.5,mutationProp,0.25
Greedy,Pure Random,2.54E+18,64,5,true,false,2,299,166200,0.3,51.2,50.97570754,,,,,,,,,,,,,,,,
Ants,Pure Random,2.54E+18,64,5,true,false,2,265,34148801200,0.3,51.2,51.10154096,evaporationFactor,0.5,ants,50,roverSteps,20,alpha,1,beta,3,iterations,100,,,,
Genetic,Pure Random,1.21E+18,64,5,true,true,1,117,23587955400,0.3,25.6,24.35817821,eliteProp,0.1,mutateProb,0.05,generations,50,populationSize,100,planLength,15,selectionProp,0.25,marginProp,1.5,mutationProp,0.25
Greedy,Pure Random,1.21E+18,64,5,false,false,0,286,126400,0.3,25.6,25.56859712,,,,,,,,,,,,,,,,
Ants,Pure Random,1.21E+18,64,5,true,false,2,131,17268119100,0.3,25.6,25.53182888,evaporationFactor,0.5,ants,50,roverSteps,20,alpha,1,beta,3,iterations,100,,,,
Genetic,Pure Random,-3.81E+18,64,5,true,true,5,361,93037733200,0.4,409.6,79.65036488,eliteProp,0.1,mutateProb,0.05,generations,50,populationSize,100,planLength,15,selectionProp,0.25,marginProp,1.5,mutationProp,0.25
Greedy,Pure Random,-3.81E+18,64,5,false,false,0,2665,1522900,0.4,409.6,409.5915135,,,,,,,,,,,,,,,,
Ants,Pure Random,-3.81E+18,64,5,true,false,4,727,1.13E+11,0.4,409.6,164.4653606,evaporationFactor,0.5,ants,50,roverSteps,20,alpha,1,beta,3,iterations,100,,,,
Genetic,Pure Random,-4.54E+18,64,5,true,true,5,295,1.11E+11,0.4,204.8,63.40757581,eliteProp,0.1,mutateProb,0.05,generations,50,populationSize,100,planLength,15,selectionProp,0.25,marginProp,1.5,mutationProp,0.25
Greedy,Pure Random,-4.54E+18,64,5,false,false,0,1245,1397200,0.4,204.8,204.4011982,,,,,,,,,,,,,,,,
Ants,Pure Random,-4.54E+18,64,5,true,true,5,711,1.59E+11,0.4,204.8,151.5684055,evaporationFactor,0.5,ants,50,roverSteps,20,alpha,1,beta,3,iterations,100,,,,
Genetic,Pure Random,-4.41E+18,64,5,true,true,5,287,1.19E+11,0.4,102.4,61.82416921,eliteProp,0.1,mutateProb,0.05,generations,50,populationSize,100,planLength,15,selectionProp,0.25,marginProp,1.5,mutationProp,0.25
Greedy,Pure Random,-4.41E+18,64,5,true,true,0,407,599300,0.4,102.4,79.38370744,,,,,,,,,,,,,,,,
Ants,Pure Random,-4.41E+18,64,5,true,false,5,496,89993071300,0.4,102.4,102.3651819,evaporationFactor,0.5,ants,50,roverSteps,20,alpha,1,beta,3,iterations,100,,,,
Genetic,Pure Random,-4.73E+18,64,5,true,true,2,203,49025422600,0.4,51.2,49.78084936,eliteProp,0.1,mutateProb,0.05,generations,50,populationSize,100,planLength,15,selectionProp,0.25,marginProp,1.5,mutationProp,0.25
Greedy,Pure Random,-4.73E+18,64,5,true,true,0,107,210800,0.4,51.2,22.37347546,,,,,,,,,,,,,,,,
Ants,Pure Random,-4.73E+18,64,5,true,false,0,226,39650394800,0.4,51.2,50.93170718,evaporationFactor,0.5,ants,50,roverSteps,20,alpha,1,beta,3,iterations,100,,,,
Genetic,Pure Random,6.52E+18,64,5,false,true,0,103,20373146400,0.4,25.6,23.90157068,eliteProp,0.1,mutateProb,0.05,generations,50,populationSize,100,planLength,15,selectionProp,0.25,marginProp,1.5,mutationProp,0.25
Greedy,Pure Random,6.52E+18,64,5,false,false,0,161,101800,0.4,25.6,25.50168828,,,,,,,,,,,,,,,,
Ants,Pure Random,6.52E+18,64,5,false,false,0,110,17776042700,0.4,25.6,25.27452857,evaporationFactor,0.5,ants,50,roverSteps,20,alpha,1,beta,3,iterations,100,,,,
Genetic,Pure Random,-4.05E+17,64,5,true,true,5,341,1.00E+11,0.5,409.6,78.63230873,eliteProp,0.1,mutateProb,0.05,generations,50,populationSize,100,planLength,15,selectionProp,0.25,marginProp,1.5,mutationProp,0.25
Greedy,Pure Random,-4.05E+17,64,5,true,true,5,335,437800,0.5,409.6,65.86248364,,,,,,,,,,,,,,,,
Ants,Pure Random,-4.05E+17,64,5,true,true,5,743,1.86E+11,0.5,409.6,165.8585791,evaporationFactor,0.5,ants,50,roverSteps,20,alpha,1,beta,3,iterations,100,,,,
Genetic,Pure Random,2.04E+18,64,5,true,true,5,351,97206118100,0.5,204.8,80.81118629,eliteProp,0.1,mutateProb,0.05,generations,50,populationSize,100,planLength,15,selectionProp,0.25,marginProp,1.5,mutationProp,0.25
Greedy,Pure Random,2.04E+18,64,5,true,true,0,1029,1165800,0.5,204.8,176.189152,,,,,,,,,,,,,,,,
Ants,Pure Random,2.04E+18,64,5,true,true,5,885,1.97E+11,0.5,204.8,191.0890284,evaporationFactor,0.5,ants,50,roverSteps,20,alpha,1,beta,3,iterations,100,,,,
Genetic,Pure Random,-2.52E+18,64,5,true,true,5,285,1.15E+11,0.5,102.4,66.06690267,eliteProp,0.1,mutateProb,0.05,generations,50,populationSize,100,planLength,15,selectionProp,0.25,marginProp,1.5,mutationProp,0.25
Greedy,Pure Random,-2.52E+18,64,5,true,true,5,395,527700,0.5,102.4,70.9079674,,,,,,,,,,,,,,,,
Ants,Pure Random,-2.52E+18,64,5,true,false,4,570,1.12E+11,0.5,102.4,102.3952485,evaporationFactor,0.5,ants,50,roverSteps,20,alpha,1,beta,3,iterations,100,,,,
Genetic,Pure Random,6.03E+18,64,5,true,true,3,211,38129364400,0.5,51.2,49.6303671,eliteProp,0.1,mutateProb,0.05,generations,50,populationSize,100,planLength,15,selectionProp,0.25,marginProp,1.5,mutationProp,0.25
Greedy,Pure Random,6.03E+18,64,5,true,true,0,121,267500,0.5,51.2,23.17095973,,,,,,,,,,,,,,,,
Ants,Pure Random,6.03E+18,64,5,true,false,1,249,41878058500,0.5,51.2,51.14884273,evaporationFactor,0.5,ants,50,roverSteps,20,alpha,1,beta,3,iterations,100,,,,
Genetic,Pure Random,8.62E+17,64,5,true,true,1,103,32089423600,0.5,25.6,22.96755135,eliteProp,0.1,mutateProb,0.05,generations,50,populationSize,100,planLength,15,selectionProp,0.25,marginProp,1.5,mutationProp,0.25
Greedy,Pure Random,8.62E+17,64,5,false,false,0,182,296800,0.5,25.6,25.54925385,,,,,,,,,,,,,,,,
Ants,Pure Random,8.62E+17,64,5,true,false,1,126,25390408700,0.5,25.6,25.53914093,evaporationFactor,0.5,ants,50,roverSteps,20,alpha,1,beta,3,iterations,100,,,,
Genetic,Pure Random,-6.54E+18,64,5,true,true,5,257,61622420400,0.6,409.6,60.18206887,eliteProp,0.1,mutateProb,0.05,generations,50,populationSize,100,planLength,15,selectionProp,0.25,marginProp,1.5,mutationProp,0.25
Greedy,Pure Random,-6.54E+18,64,5,true,true,3,1849,1676500,0.6,409.6,382.3599796,,,,,,,,,,,,,,,,
Ants,Pure Random,-6.54E+18,64,5,true,true,5,897,1.90E+11,0.6,409.6,192.1015625,evaporationFactor,0.5,ants,50,roverSteps,20,alpha,1,beta,3,iterations,100,,,,
Genetic,Pure Random,8.00E+18,64,5,true,true,5,383,91904214100,0.6,204.8,88.01871433,eliteProp,0.1,mutateProb,0.05,generations,50,populationSize,100,planLength,15,selectionProp,0.25,marginProp,1.5,mutationProp,0.25
Greedy,Pure Random,8.00E+18,64,5,true,true,2,753,1103000,0.6,204.8,177.8148433,,,,,,,,,,,,,,,,
Ants,Pure Random,8.00E+18,64,5,true,false,5,963,1.99E+11,0.6,204.8,204.7852381,evaporationFactor,0.5,ants,50,roverSteps,20,alpha,1,beta,3,iterations,100,,,,
Genetic,Pure Random,9.18E+18,64,5,true,true,5,343,1.03E+11,0.6,102.4,75.57581647,eliteProp,0.1,mutateProb,0.05,generations,50,populationSize,100,planLength,15,selectionProp,0.25,marginProp,1.5,mutationProp,0.25
Greedy,Pure Random,9.18E+18,64,5,true,true,2,373,574200,0.6,102.4,74.72731287,,,,,,,,,,,,,,,,
Ants,Pure Random,9.18E+18,64,5,true,false,3,499,93991052700,0.6,102.4,102.2706514,evaporationFactor,0.5,ants,50,roverSteps,20,alpha,1,beta,3,iterations,100,,,,
Genetic,Pure Random,1.14E+17,64,5,true,true,2,219,43259609900,0.6,51.2,50.54176312,eliteProp,0.1,mutateProb,0.05,generations,50,populationSize,100,planLength,15,selectionProp,0.25,marginProp,1.5,mutationProp,0.25
Greedy,Pure Random,1.14E+17,64,5,false,false,1,267,316600,0.6,51.2,51.0302541,,,,,,,,,,,,,,,,
Ants,Pure Random,1.14E+17,64,5,true,false,1,219,36632720000,0.6,51.2,51.15349409,evaporationFactor,0.5,ants,50,roverSteps,20,alpha,1,beta,3,iterations,100,,,,
Genetic,Pure Random,5.07E+18,64,5,true,true,1,111,37534895700,0.6,25.6,25.29534723,eliteProp,0.1,mutateProb,0.05,generations,50,populationSize,100,planLength,15,selectionProp,0.25,marginProp,1.5,mutationProp,0.25
Greedy,Pure Random,5.07E+18,64,5,false,false,0,198,147400,0.6,25.6,25.5565875,,,,,,,,,,,,,,,,
Ants,Pure Random,5.07E+18,64,5,true,false,1,176,25209350100,0.6,25.6,25.58766843,evaporationFactor,0.5,ants,50,roverSteps,20,alpha,1,beta,3,iterations,100,,,,
Genetic,Pure Random,2.00E+17,64,3,true,true,3,217,51132373300,0,409.6,40.98837564,eliteProp,0.1,mutateProb,0.05,generations,50,populationSize,100,planLength,15,selectionProp,0.25,marginProp,1.5,mutationProp,0.25
Greedy,Pure Random,2.00E+17,64,3,true,true,3,323,506100,0,409.6,61.84258164,,,,,,,,,,,,,,,,
Ants,Pure Random,2.00E+17,64,3,true,false,0,460,95028726400,0,409.6,70.44274406,evaporationFactor,0.5,ants,50,roverSteps,20,alpha,1,beta,3,iterations,100,,,,
Genetic,Pure Random,4.01E+18,64,3,true,true,3,283,57049355200,0,204.8,51.59248469,eliteProp,0.1,mutateProb,0.05,generations,50,populationSize,100,planLength,15,selectionProp,0.25,marginProp,1.5,mutationProp,0.25
Greedy,Pure Random,4.01E+18,64,3,true,true,1,975,1133400,0,204.8,182.9107121,,,,,,,,,,,,,,,,
Ants,Pure Random,4.01E+18,64,3,true,false,0,484,98714270600,0,204.8,86.07000015,evaporationFactor,0.5,ants,50,roverSteps,20,alpha,1,beta,3,iterations,100,,,,
Genetic,Pure Random,-2.22E+18,64,3,true,true,3,275,42409552400,0,102.4,49.01741923,eliteProp,0.1,mutateProb,0.05,generations,50,populationSize,100,planLength,15,selectionProp,0.25,marginProp,1.5,mutationProp,0.25
Greedy,Pure Random,-2.22E+18,64,3,true,true,1,439,414900,0,102.4,77.58372656,,,,,,,,,,,,,,,,
Ants,Pure Random,-2.22E+18,64,3,true,true,3,333,71277174100,0,102.4,50.23250111,evaporationFactor,0.5,ants,50,roverSteps,20,alpha,1,beta,3,iterations,100,,,,
Genetic,Pure Random,-6.12E+18,64,3,true,true,3,227,58946189000,0,51.2,40.60632558,eliteProp,0.1,mutateProb,0.05,generations,50,populationSize,100,planLength,15,selectionProp,0.25,marginProp,1.5,mutationProp,0.25
Greedy,Pure Random,-6.12E+18,64,3,true,true,0,115,187300,0,51.2,22.84977293,,,,,,,,,,,,,,,,
Ants,Pure Random,-6.12E+18,64,3,true,false,2,412,68299793300,0,51.2,51.17842657,evaporationFactor,0.5,ants,50,roverSteps,20,alpha,1,beta,3,iterations,100,,,,
Genetic,Pure Random,3.53E+18,64,3,true,true,1,121,16378836600,0,25.6,24.56167161,eliteProp,0.1,mutateProb,0.05,generations,50,populationSize,100,planLength,15,selectionProp,0.25,marginProp,1.5,mutationProp,0.25
Greedy,Pure Random,3.53E+18,64,3,false,false,0,138,68800,0,25.6,25.46310168,,,,,,,,,,,,,,,,
Ants,Pure Random,3.53E+18,64,3,false,false,0,156,23902052900,0,25.6,25.42529355,evaporationFactor,0.5,ants,50,roverSteps,20,alpha,1,beta,3,iterations,100,,,,
Genetic,Pure Random,7.13E+18,64,3,true,true,3,197,31410810400,0.1,409.6,37.06168021,eliteProp,0.1,mutateProb,0.05,generations,50,populationSize,100,planLength,15,selectionProp,0.25,marginProp,1.5,mutationProp,0.25
Greedy,Pure Random,7.13E+18,64,3,true,true,3,229,344600,0.1,409.6,44.3831328,,,,,,,,,,,,,,,,
Ants,Pure Random,7.13E+18,64,3,true,false,2,555,1.08E+11,0.1,409.6,96.71281933,evaporationFactor,0.5,ants,50,roverSteps,20,alpha,1,beta,3,iterations,100,,,,
Genetic,Pure Random,4.06E+18,64,3,true,true,3,197,24625195100,0.1,204.8,35.60457037,eliteProp,0.1,mutateProb,0.05,generations,50,populationSize,100,planLength,15,selectionProp,0.25,marginProp,1.5,mutationProp,0.25
Greedy,Pure Random,4.06E+18,64,3,true,true,2,913,711600,0.1,204.8,177.9451986,,,,,,,,,,,,,,,,
Ants,Pure Random,4.06E+18,64,3,true,true,3,1097,2.86E+11,0.1,204.8,185.4428013,evaporationFactor,0.5,ants,50,roverSteps,20,alpha,1,beta,3,iterations,100,,,,
Genetic,Pure Random,-4.53E+17,64,3,true,true,3,255,32769257100,0.1,102.4,49.55856516,eliteProp,0.1,mutateProb,0.05,generations,50,populationSize,100,planLength,15,selectionProp,0.25,marginProp,1.5,mutationProp,0.25
Greedy,Pure Random,-4.53E+17,64,3,true,true,3,339,386100,0.1,102.4,64.65119604,,,,,,,,,,,,,,,,
Ants,Pure Random,-4.53E+17,64,3,true,false,2,648,1.17E+11,0.1,102.4,102.3161858,evaporationFactor,0.5,ants,50,roverSteps,20,alpha,1,beta,3,iterations,100,,,,
Genetic,Pure Random,6.12E+17,64,3,true,true,2,257,36196496100,0.1,51.2,48.42622491,eliteProp,0.1,mutateProb,0.05,generations,50,populationSize,100,planLength,15,selectionProp,0.25,marginProp,1.5,mutationProp,0.25
Greedy,Pure Random,6.12E+17,64,3,true,true,2,109,124000,0.1,51.2,24.28671467,,,,,,,,,,,,,,,,
Ants,Pure Random,6.12E+17,64,3,true,false,1,306,54886733800,0.1,51.2,50.94798179,evaporationFactor,0.5,ants,50,roverSteps,20,alpha,1,beta,3,iterations,100,,,,
Genetic,Pure Random,-6.30E+18,64,3,true,true,2,117,14811065800,0.1,25.6,23.90718082,eliteProp,0.1,mutateProb,0.05,generations,50,populationSize,100,planLength,15,selectionProp,0.25,marginProp,1.5,mutationProp,0.25
Greedy,Pure Random,-6.30E+18,64,3,false,false,0,164,129900,0.1,25.6,25.54192726,,,,,,,,,,,,,,,,
Ants,Pure Random,-6.30E+18,64,3,true,false,1,162,28193738900,0.1,25.6,25.46463418,evaporationFactor,0.5,ants,50,roverSteps,20,alpha,1,beta,3,iterations,100,,,,
Genetic,Pure Random,-2.15E+18,64,3,true,true,3,233,29542943000,0.2,409.6,47.35882874,eliteProp,0.1,mutateProb,0.05,generations,50,populationSize,100,planLength,15,selectionProp,0.25,marginProp,1.5,mutationProp,0.25
Greedy,Pure Random,-2.15E+18,64,3,true,true,3,137,164600,0.2,409.6,27.59469067,,,,,,,,,,,,,,,,
Ants,Pure Random,-2.15E+18,64,3,true,true,3,443,1.30E+11,0.2,409.6,81.12059692,evaporationFactor,0.5,ants,50,roverSteps,20,alpha,1,beta,3,iterations,100,,,,
Genetic,Pure Random,-9.60E+17,64,3,true,true,3,205,24906538300,0.2,204.8,44.39350419,eliteProp,0.1,mutateProb,0.05,generations,50,populationSize,100,planLength,15,selectionProp,0.25,marginProp,1.5,mutationProp,0.25
Greedy,Pure Random,-9.60E+17,64,3,true,true,3,227,262500,0.2,204.8,47.56484524,,,,,,,,,,,,,,,,
Ants,Pure Random,-9.60E+17,64,3,true,true,3,511,1.03E+11,0.2,204.8,99.27580891,evaporationFactor,0.5,ants,50,roverSteps,20,alpha,1,beta,3,iterations,100,,,,
Genetic,Pure Random,3.49E+18,64,3,true,true,3,169,74199827800,0.2,102.4,33.50247212,eliteProp,0.1,mutateProb,0.05,generations,50,populationSize,100,planLength,15,selectionProp,0.25,marginProp,1.5,mutationProp,0.25
Greedy,Pure Random,3.49E+18,64,3,true,true,3,219,422100,0.2,102.4,38.92348926,,,,,,,,,,,,,,,,
Ants,Pure Random,3.49E+18,64,3,true,false,1,571,99324636000,0.2,102.4,102.2054035,evaporationFactor,0.5,ants,50,roverSteps,20,alpha,1,beta,3,iterations,100,,,,
Genetic,Pure Random,7.33E+18,64,3,true,true,2,225,29931760500,0.2,51.2,48.7917385,eliteProp,0.1,mutateProb,0.05,generations,50,populationSize,100,planLength,15,selectionProp,0.25,marginProp,1.5,mutationProp,0.25
Greedy,Pure Random,7.33E+18,64,3,true,true,1,137,486900,0.2,51.2,29.1987857,,,,,,,,,,,,,,,,
Ants,Pure Random,7.33E+18,64,3,true,false,1,273,52226274500,0.2,51.2,51.024406,evaporationFactor,0.5,ants,50,roverSteps,20,alpha,1,beta,3,iterations,100,,,,
Genetic,Pure Random,-1.15E+18,64,3,true,true,2,125,16331012100,0.2,25.6,24.30156925,eliteProp,0.1,mutateProb,0.05,generations,50,populationSize,100,planLength,15,selectionProp,0.25,marginProp,1.5,mutationProp,0.25
Greedy,Pure Random,-1.15E+18,64,3,false,false,0,204,242200,0.2,25.6,25.57638639,,,,,,,,,,,,,,,,
Ants,Pure Random,-1.15E+18,64,3,true,false,0,137,20855077700,0.2,25.6,25.5980378,evaporationFactor,0.5,ants,50,roverSteps,20,alpha,1,beta,3,iterations,100,,,,
Genetic,Pure Random,4.30E+18,64,3,true,true,3,315,54280128800,0.3,409.6,65.39885757,eliteProp,0.1,mutateProb,0.05,generations,50,populationSize,100,planLength,15,selectionProp,0.25,marginProp,1.5,mutationProp,0.25
Greedy,Pure Random,4.30E+18,64,3,true,true,3,547,1053100,0.3,409.6,101.2432681,,,,,,,,,,,,,,,,
Ants,Pure Random,4.30E+18,64,3,true,true,3,689,1.57E+11,0.3,409.6,139.586341,evaporationFactor,0.5,ants,50,roverSteps,20,alpha,1,beta,3,iterations,100,,,,
Genetic,Pure Random,-3.31E+18,64,3,true,true,3,251,65201423100,0.3,204.8,55.13872774,eliteProp,0.1,mutateProb,0.05,generations,50,populationSize,100,planLength,15,selectionProp,0.25,marginProp,1.5,mutationProp,0.25
Greedy,Pure Random,-3.31E+18,64,3,true,false,3,1108,1119600,0.3,204.8,204.7575567,,,,,,,,,,,,,,,,
Ants,Pure Random,-3.31E+18,64,3,true,true,3,805,1.94E+11,0.3,204.8,159.1686804,evaporationFactor,0.5,ants,50,roverSteps,20,alpha,1,beta,3,iterations,100,,,,
Genetic,Pure Random,4.51E+18,64,3,true,true,3,203,57588037400,0.3,102.4,45.48783268,eliteProp,0.1,mutateProb,0.05,generations,50,populationSize,100,planLength,15,selectionProp,0.25,marginProp,1.5,mutationProp,0.25
Greedy,Pure Random,4.51E+18,64,3,false,false,0,546,1048400,0.3,102.4,102.275962,,,,,,,,,,,,,,,,
Ants,Pure Random,4.51E+18,64,3,true,false,3,495,97760980000,0.3,102.4,102.3376155,evaporationFactor,0.5,ants,50,roverSteps,20,alpha,1,beta,3,iterations,100,,,,
Genetic,Pure Random,1.01E+18,64,3,true,true,2,227,35228058100,0.3,51.2,50.16327864,eliteProp,0.1,mutateProb,0.05,generations,50,populationSize,100,planLength,15,selectionProp,0.25,marginProp,1.5,mutationProp,0.25
Greedy,Pure Random,1.01E+18,64,3,true,true,1,125,356400,0.3,51.2,25.02724782,,,,,,,,,,,,,,,,
Ants,Pure Random,1.01E+18,64,3,true,false,2,289,49668617600,0.3,51.2,51.07411965,evaporationFactor,0.5,ants,50,roverSteps,20,alpha,1,beta,3,iterations,100,,,,
Genetic,Pure Random,-5.31E+18,64,3,true,true,0,123,18086930700,0.3,25.6,24.07764147,eliteProp,0.1,mutateProb,0.05,generations,50,populationSize,100,planLength,15,selectionProp,0.25,marginProp,1.5,mutationProp,0.25
Greedy,Pure Random,-5.31E+18,64,3,false,false,0,139,110400,0.3,25.6,25.53352733,,,,,,,,,,,,,,,,
Ants,Pure Random,-5.31E+18,64,3,true,false,0,129,21454978900,0.3,25.6,25.54199883,evaporationFactor,0.5,ants,50,roverSteps,20,alpha,1,beta,3,iterations,100,,,,
Genetic,Pure Random,2.94E+18,64,3,true,true,3,317,69541410400,0.4,409.6,70.74123366,eliteProp,0.1,mutateProb,0.05,generations,50,populationSize,100,planLength,15,selectionProp,0.25,marginProp,1.5,mutationProp,0.25
Greedy,Pure Random,2.94E+18,64,3,true,true,3,321,605800,0.4,409.6,65.08547803,,,,,,,,,,,,,,,,
Ants,Pure Random,2.94E+18,64,3,true,true,3,585,1.32E+11,0.4,409.6,129.2714236,evaporationFactor,0.5,ants,50,roverSteps,20,alpha,1,beta,3,iterations,100,,,,
Genetic,Pure Random,4.22E+18,64,3,true,true,3,277,80122413300,0.4,204.8,67.74531587,eliteProp,0.1,mutateProb,0.05,generations,50,populationSize,100,planLength,15,selectionProp,0.25,marginProp,1.5,mutationProp,0.25
Greedy,Pure Random,4.22E+18,64,3,true,false,3,1811,1378900,0.4,204.8,204.7386218,,,,,,,,,,,,,,,,
Ants,Pure Random,4.22E+18,64,3,true,false,3,987,2.52E+11,0.4,204.8,204.7276371,evaporationFactor,0.5,ants,50,roverSteps,20,alpha,1,beta,3,iterations,100,,,,
Genetic,Pure Random,3.03E+18,64,3,true,true,3,309,41193336400,0.4,102.4,64.63252214,eliteProp,0.1,mutateProb,0.05,generations,50,populationSize,100,planLength,15,selectionProp,0.25,marginProp,1.5,mutationProp,0.25
Greedy,Pure Random,3.03E+18,64,3,true,true,3,271,361600,0.4,102.4,55.24884198,,,,,,,,,,,,,,,,
Ants,Pure Random,3.03E+18,64,3,true,false,2,583,1.14E+11,0.4,102.4,102.3845245,evaporationFactor,0.5,ants,50,roverSteps,20,alpha,1,beta,3,iterations,100,,,,
Genetic,Pure Random,1.80E+18,64,3,true,true,2,207,35026703800,0.4,51.2,49.60229849,eliteProp,0.1,mutateProb,0.05,generations,50,populationSize,100,planLength,15,selectionProp,0.25,marginProp,1.5,mutationProp,0.25
Greedy,Pure Random,1.80E+18,64,3,true,true,0,119,275100,0.4,51.2,25.28231045,,,,,,,,,,,,,,,,
Ants,Pure Random,1.80E+18,64,3,true,false,1,224,38822901600,0.4,51.2,51.02950906,evaporationFactor,0.5,ants,50,roverSteps,20,alpha,1,beta,3,iterations,100,,,,
Genetic,Pure Random,-1.29E+18,64,3,true,false,0,119,24801411200,0.4,25.6,25.5187042,eliteProp,0.1,mutateProb,0.05,generations,50,populationSize,100,planLength,15,selectionProp,0.25,marginProp,1.5,mutationProp,0.25
Greedy,Pure Random,-1.29E+18,64,3,false,false,0,173,226000,0.4,25.6,25.50372169,,,,,,,,,,,,,,,,
Ants,Pure Random,-1.29E+18,64,3,false,false,0,134,20312990100,0.4,25.6,25.54565711,evaporationFactor,0.5,ants,50,roverSteps,20,alpha,1,beta,3,iterations,100,,,,
Genetic,Pure Random,1.74709E+18,64,3,true,true,3,183,67553292400,0.5,409.6,44.43728432,eliteProp,0.1,mutateProb,0.05,generations,50,populationSize,100,planLength,15,selectionProp,0.25,marginProp,1.5,mutationProp,0.25
Greedy,Pure Random,1.74709E+18,64,3,true,true,3,201,3398900,0.5,409.6,36.68128382,,,,,,,,,,,,,,,,
Ants,Pure Random,1.74709E+18,64,3,true,true,3,539,1.50296E+11,0.5,409.6,123.5992324,evaporationFactor,0.5,ants,50,roverSteps,20,alpha,1,beta,3,iterations,100,,,,
Genetic,Pure Random,-1.38867E+18,64,3,true,true,3,241,44804376100,0.5,204.8,52.43783226,eliteProp,0.1,mutateProb,0.05,generations,50,populationSize,100,planLength,15,selectionProp,0.25,marginProp,1.5,mutationProp,0.25
Greedy,Pure Random,-1.38867E+18,64,3,true,true,0,923,2381400,0.5,204.8,177.8717328,,,,,,,,,,,,,,,,
Ants,Pure Random,-1.38867E+18,64,3,true,false,3,926,2.15452E+11,0.5,204.8,204.7491359,evaporationFactor,0.5,ants,50,roverSteps,20,alpha,1,beta,3,iterations,100,,,,
Genetic,Pure Random,7.37248E+17,64,3,true,true,3,187,48800641700,0.5,102.4,43.70892917,eliteProp,0.1,mutateProb,0.05,generations,50,populationSize,100,planLength,15,selectionProp,0.25,marginProp,1.5,mutationProp,0.25
Greedy,Pure Random,7.37248E+17,64,3,true,true,1,365,878000,0.5,102.4,75.12453464,,,,,,,,,,,,,,,,
Ants,Pure Random,7.37248E+17,64,3,true,false,3,465,91573844900,0.5,102.4,102.3926263,evaporationFactor,0.5,ants,50,roverSteps,20,alpha,1,beta,3,iterations,100,,,,
Genetic,Pure Random,-7.91441E+18,64,3,true,true,2,211,24921194100,0.5,51.2,47.77495138,eliteProp,0.1,mutateProb,0.05,generations,50,populationSize,100,planLength,15,selectionProp,0.25,marginProp,1.5,mutationProp,0.25
Greedy,Pure Random,-7.91441E+18,64,3,true,true,1,107,449600,0.5,51.2,20.6604805,,,,,,,,,,,,,,,,
Ants,Pure Random,-7.91441E+18,64,3,true,false,2,252,36696534400,0.5,51.2,51.12172625,evaporationFactor,0.5,ants,50,roverSteps,20,alpha,1,beta,3,iterations,100,,,,
Genetic,Pure Random,9.0462E+18,64,3,false,true,0,103,10010887900,0.5,25.6,23.71583154,eliteProp,0.1,mutateProb,0.05,generations,50,populationSize,100,planLength,15,selectionProp,0.25,marginProp,1.5,mutationProp,0.25
Greedy,Pure Random,9.0462E+18,64,3,false,false,0,187,1539900,0.5,25.6,25.52897458,,,,,,,,,,,,,,,,
Ants,Pure Random,9.0462E+18,64,3,false,false,0,126,22161907100,0.5,25.6,25.58203811,evaporationFactor,0.5,ants,50,roverSteps,20,alpha,1,beta,3,iterations,100,,,,
Genetic,Pure Random,-8.43703E+18,64,3,true,true,3,215,35106697500,0.6,409.6,52.01630517,eliteProp,0.1,mutateProb,0.05,generations,50,populationSize,100,planLength,15,selectionProp,0.25,marginProp,1.5,mutationProp,0.25
Greedy,Pure Random,-8.43703E+18,64,3,true,false,3,3393,35933700,0.6,409.6,409.5758128,,,,,,,,,,,,,,,,
Ants,Pure Random,-8.43703E+18,64,3,true,false,3,953,1.82965E+11,0.6,409.6,209.0542501,evaporationFactor,0.5,ants,50,roverSteps,20,alpha,1,beta,3,iterations,100,,,,
Genetic,Pure Random,6.7517E+18,64,3,true,true,3,295,42261791100,0.6,204.8,71.65646598,eliteProp,0.1,mutateProb,0.05,generations,50,populationSize,100,planLength,15,selectionProp,0.25,marginProp,1.5,mutationProp,0.25
Greedy,Pure Random,6.7517E+18,64,3,true,true,1,1037,2436300,0.6,204.8,178.9750965,,,,,,,,,,,,,,,,
Ants,Pure Random,6.7517E+18,64,3,true,true,3,783,1.36054E+11,0.6,204.8,163.3329744,evaporationFactor,0.5,ants,50,roverSteps,20,alpha,1,beta,3,iterations,100,,,,
Genetic,Pure Random,5.74373E+18,64,3,true,true,3,257,36745928200,0.6,102.4,56.69579682,eliteProp,0.1,mutateProb,0.05,generations,50,populationSize,100,planLength,15,selectionProp,0.25,marginProp,1.5,mutationProp,0.25
Greedy,Pure Random,5.74373E+18,64,3,true,true,3,135,132900,0.6,102.4,23.73519677,,,,,,,,,,,,,,,,
Ants,Pure Random,5.74373E+18,64,3,true,true,3,489,66866160800,0.6,102.4,97.62027992,evaporationFactor,0.5,ants,50,roverSteps,20,alpha,1,beta,3,iterations,100,,,,
Genetic,Pure Random,5.19168E+18,64,3,true,true,2,231,22736771900,0.6,51.2,50.10994604,eliteProp,0.1,mutateProb,0.05,generations,50,populationSize,100,planLength,15,selectionProp,0.25,marginProp,1.5,mutationProp,0.25
Greedy,Pure Random,5.19168E+18,64,3,true,true,0,127,129800,0.6,51.2,25.37366606,,,,,,,,,,,,,,,,
Ants,Pure Random,5.19168E+18,64,3,true,false,1,234,30213386700,0.6,51.2,51.03918788,evaporationFactor,0.5,ants,50,roverSteps,20,alpha,1,beta,3,iterations,100,,,,
Genetic,Pure Random,-6.92314E+18,64,3,true,true,1,105,11972761900,0.6,25.6,25.08965695,eliteProp,0.1,mutateProb,0.05,generations,50,populationSize,100,planLength,15,selectionProp,0.25,marginProp,1.5,mutationProp,0.25
Greedy,Pure Random,-6.92314E+18,64,3,false,false,0,168,72300,0.6,25.6,25.54534222,,,,,,,,,,,,,,,,
Ants,Pure Random,-6.92314E+18,64,3,true,false,1,140,17740673700,0.6,25.6,25.56474515,evaporationFactor,0.5,ants,50,roverSteps,20,alpha,1,beta,3,iterations,100,,,,
Genetic,Pure Random,-1.22843E+18,48,5,true,true,5,129,24052694100,0,230.4,26.53236108,eliteProp,0.1,mutateProb,0.05,generations,50,populationSize,100,planLength,15,selectionProp,0.25,marginProp,1.5,mutationProp,0.25
Greedy,Pure Random,-1.22843E+18,48,5,true,true,1,1317,4441200,0,230.4,211.9455309,,,,,,,,,,,,,,,,
Ants,Pure Random,-1.22843E+18,48,5,true,true,5,509,62316816300,0,230.4,81.31759264,evaporationFactor,0.5,ants,50,roverSteps,20,alpha,1,beta,3,iterations,100,,,,
Genetic,Pure Random,-7.35464E+18,48,5,true,true,5,199,17378209300,0,115.2,40.38395775,eliteProp,0.1,mutateProb,0.05,generations,50,populationSize,100,planLength,15,selectionProp,0.25,marginProp,1.5,mutationProp,0.25
Greedy,Pure Random,-7.35464E+18,48,5,true,true,4,539,687900,0,115.2,97.27372691,,,,,,,,,,,,,,,,
Ants,Pure Random,-7.35464E+18,48,5,true,true,5,655,67081457000,0,115.2,101.371453,evaporationFactor,0.5,ants,50,roverSteps,20,alpha,1,beta,3,iterations,100,,,,
Genetic,Pure Random,-7.70252E+18,48,5,true,true,4,297,25706996400,0,57.6,57.07438756,eliteProp,0.1,mutateProb,0.05,generations,50,populationSize,100,planLength,15,selectionProp,0.25,marginProp,1.5,mutationProp,0.25
Greedy,Pure Random,-7.70252E+18,48,5,true,true,3,223,368400,0,57.6,39.76544907,,,,,,,,,,,,,,,,
Ants,Pure Random,-7.70252E+18,48,5,true,false,1,379,41836351300,0,57.6,57.44915935,evaporationFactor,0.5,ants,50,roverSteps,20,alpha,1,beta,3,iterations,100,,,,
Genetic,Pure Random,2.08339E+18,48,5,true,true,2,167,22179484000,0,28.8,28.40869796,eliteProp,0.1,mutateProb,0.05,generations,50,populationSize,100,planLength,15,selectionProp,0.25,marginProp,1.5,mutationProp,0.25
Greedy,Pure Random,2.08339E+18,48,5,false,false,0,227,463300,0,28.8,28.65129934,,,,,,,,,,,,,,,,
Ants,Pure Random,2.08339E+18,48,5,true,false,2,195,14855744800,0,28.8,28.77161991,evaporationFactor,0.5,ants,50,roverSteps,20,alpha,1,beta,3,iterations,100,,,,
Genetic,Pure Random,5.21332E+18,48,5,false,true,1,61,6531213800,0,14.4,11.71466449,eliteProp,0.1,mutateProb,0.05,generations,50,populationSize,100,planLength,15,selectionProp,0.25,marginProp,1.5,mutationProp,0.25
Greedy,Pure Random,5.21332E+18,48,5,false,false,0,89,76200,0,14.4,14.26359736,,,,,,,,,,,,,,,,
Ants,Pure Random,5.21332E+18,48,5,true,false,1,120,10670572200,0,14.4,14.39919682,evaporationFactor,0.5,ants,50,roverSteps,20,alpha,1,beta,3,iterations,100,,,,
Genetic,Pure Random,-7.79366E+18,48,5,true,true,5,239,28464959900,0.1,230.4,44.4199386,eliteProp,0.1,mutateProb,0.05,generations,50,populationSize,100,planLength,15,selectionProp,0.25,marginProp,1.5,mutationProp,0.25
Greedy,Pure Random,-7.79366E+18,48,5,true,true,2,189,249000,0.1,230.4,31.3125503,,,,,,,,,,,,,,,,
Ants,Pure Random,-7.79366E+18,48,5,true,true,5,689,98715566400,0.1,230.4,119.4594991,evaporationFactor,0.5,ants,50,roverSteps,20,alpha,1,beta,3,iterations,100,,,,
Genetic,Pure Random,-3.35533E+17,48,5,true,true,5,289,29332887000,0.1,115.2,56.93473634,eliteProp,0.1,mutateProb,0.05,generations,50,populationSize,100,planLength,15,selectionProp,0.25,marginProp,1.5,mutationProp,0.25
Greedy,Pure Random,-3.35533E+17,48,5,true,true,1,193,285600,0.1,115.2,39.98817161,,,,,,,,,,,,,,,,
Ants,Pure Random,-3.35533E+17,48,5,true,false,5,717,78109149900,0.1,115.2,115.049496,evaporationFactor,0.5,ants,50,roverSteps,20,alpha,1,beta,3,iterations,100,,,,
Genetic,Pure Random,-5.88109E+18,48,5,true,true,4,307,32815750400,0.1,57.6,56.83043494,eliteProp,0.1,mutateProb,0.05,generations,50,populationSize,100,planLength,15,selectionProp,0.25,marginProp,1.5,mutationProp,0.25
Greedy,Pure Random,-5.88109E+18,48,5,true,true,1,157,183000,0.1,57.6,37.01218775,,,,,,,,,,,,,,,,
Ants,Pure Random,-5.88109E+18,48,5,true,false,2,320,35463353500,0.1,57.6,57.5701605,evaporationFactor,0.5,ants,50,roverSteps,20,alpha,1,beta,3,iterations,100,,,,
Genetic,Pure Random,3.98797E+18,48,5,true,true,3,163,16531259100,0.1,28.8,27.60224633,eliteProp,0.1,mutateProb,0.05,generations,50,populationSize,100,planLength,15,selectionProp,0.25,marginProp,1.5,mutationProp,0.25
Greedy,Pure Random,3.98797E+18,48,5,true,false,0,324,350300,0.1,28.8,28.74453964,,,,,,,,,,,,,,,,
Ants,Pure Random,3.98797E+18,48,5,true,false,2,174,19184734900,0.1,28.8,28.77254594,evaporationFactor,0.5,ants,50,roverSteps,20,alpha,1,beta,3,iterations,100,,,,
Genetic,Pure Random,8.16218E+18,48,5,true,false,2,84,11626368500,0.1,14.4,14.1292694,eliteProp,0.1,mutateProb,0.05,generations,50,populationSize,100,planLength,15,selectionProp,0.25,marginProp,1.5,mutationProp,0.25
Greedy,Pure Random,8.16218E+18,48,5,false,false,0,147,139900,0.1,14.4,14.37674534,,,,,,,,,,,,,,,,
Ants,Pure Random,8.16218E+18,48,5,true,false,1,97,12111624900,0.1,14.4,14.29675238,evaporationFactor,0.5,ants,50,roverSteps,20,alpha,1,beta,3,iterations,100,,,,
Genetic,Pure Random,-5.4305E+18,48,5,true,true,5,313,49595887300,0.2,230.4,62.31049711,eliteProp,0.1,mutateProb,0.05,generations,50,populationSize,100,planLength,15,selectionProp,0.25,marginProp,1.5,mutationProp,0.25
Greedy,Pure Random,-5.4305E+18,48,5,true,true,5,313,336600,0.2,230.4,60.14929054,,,,,,,,,,,,,,,,
Ants,Pure Random,-5.4305E+18,48,5,true,true,5,1101,1.33114E+11,0.2,230.4,199.8569304,evaporationFactor,0.5,ants,50,roverSteps,20,alpha,1,beta,3,iterations,100,,,,
Genetic,Pure Random,6.34584E+16,48,5,true,true,5,243,24981725800,0.2,115.2,49.64654216,eliteProp,0.1,mutateProb,0.05,generations,50,populationSize,100,planLength,15,selectionProp,0.25,marginProp,1.5,mutationProp,0.25
Greedy,Pure Random,6.34584E+16,48,5,true,true,5,265,259100,0.2,115.2,51.93722778,,,,,,,,,,,,,,,,
Ants,Pure Random,6.34584E+16,48,5,true,false,3,627,64793330200,0.2,115.2,115.152036,evaporationFactor,0.5,ants,50,roverSteps,20,alpha,1,beta,3,iterations,100,,,,
Genetic,Pure Random,-1.93137E+18,48,5,true,true,5,229,36145768800,0.2,57.6,49.32973355,eliteProp,0.1,mutateProb,0.05,generations,50,populationSize,100,planLength,15,selectionProp,0.25,marginProp,1.5,mutationProp,0.25
Greedy,Pure Random,-1.93137E+18,48,5,true,true,2,201,201800,0.2,57.6,39.11287199,,,,,,,,,,,,,,,,
Ants,Pure Random,-1.93137E+18,48,5,true,false,1,322,37828112900,0.2,57.6,57.50683947,evaporationFactor,0.5,ants,50,roverSteps,20,alpha,1,beta,3,iterations,100,,,,
Genetic,Pure Random,2.23238E+18,48,5,true,true,2,141,22938340100,0.2,28.8,27.59782975,eliteProp,0.1,mutateProb,0.05,generations,50,populationSize,100,planLength,15,selectionProp,0.25,marginProp,1.5,mutationProp,0.25
Greedy,Pure Random,2.23238E+18,48,5,false,true,0,227,629700,0.2,28.8,28.76660409,,,,,,,,,,,,,,,,
Ants,Pure Random,2.23238E+18,48,5,true,false,3,149,21611214900,0.2,28.8,28.68707461,evaporationFactor,0.5,ants,50,roverSteps,20,alpha,1,beta,3,iterations,100,,,,
Genetic,Pure Random,-3.56462E+18,48,5,false,true,0,59,9387517800,0.2,14.4,12.69227947,eliteProp,0.1,mutateProb,0.05,generations,50,populationSize,100,planLength,15,selectionProp,0.25,marginProp,1.5,mutationProp,0.25
Greedy,Pure Random,-3.56462E+18,48,5,false,false,0,74,74300,0.2,14.4,14.35588531,,,,,,,,,,,,,,,,
Ants,Pure Random,-3.56462E+18,48,5,true,false,0,79,6685318400,0.2,14.4,14.31996042,evaporationFactor,0.5,ants,50,roverSteps,20,alpha,1,beta,3,iterations,100,,,,
Genetic,Pure Random,-9.12613E+18,48,5,true,true,5,281,26537779900,0.3,230.4,59.68275612,eliteProp,0.1,mutateProb,0.05,generations,50,populationSize,100,planLength,15,selectionProp,0.25,marginProp,1.5,mutationProp,0.25
Greedy,Pure Random,-9.12613E+18,48,5,true,true,5,347,353100,0.3,230.4,62.5031376,,,,,,,,,,,,,,,,
Ants,Pure Random,-9.12613E+18,48,5,true,true,5,913,1.08766E+11,0.3,230.4,178.4986234,evaporationFactor,0.5,ants,50,roverSteps,20,alpha,1,beta,3,iterations,100,,,,
Genetic,Pure Random,-8.8909E+18,48,5,true,true,5,249,27329904700,0.3,115.2,57.4856316,eliteProp,0.1,mutateProb,0.05,generations,50,populationSize,100,planLength,15,selectionProp,0.25,marginProp,1.5,mutationProp,0.25
Greedy,Pure Random,-8.8909E+18,48,5,true,true,5,253,192200,0.3,115.2,47.72320318,,,,,,,,,,,,,,,,
Ants,Pure Random,-8.8909E+18,48,5,true,true,5,531,61482552500,0.3,115.2,101.7213798,evaporationFactor,0.5,ants,50,roverSteps,20,alpha,1,beta,3,iterations,100,,,,
Genetic,Pure Random,5.99248E+18,48,5,true,true,4,267,28912972000,0.3,57.6,56.11607735,eliteProp,0.1,mutateProb,0.05,generations,50,populationSize,100,planLength,15,selectionProp,0.25,marginProp,1.5,mutationProp,0.25
Greedy,Pure Random,5.99248E+18,48,5,true,true,3,229,209700,0.3,57.6,40.66667099,,,,,,,,,,,,,,,,
Ants,Pure Random,5.99248E+18,48,5,true,false,3,300,35170173400,0.3,57.6,57.13347678,evaporationFactor,0.5,ants,50,roverSteps,20,alpha,1,beta,3,iterations,100,,,,
Genetic,Pure Random,-2.82081E+17,48,5,true,true,0,129,12367009900,0.3,28.8,27.44179374,eliteProp,0.1,mutateProb,0.05,generations,50,populationSize,100,planLength,15,selectionProp,0.25,marginProp,1.5,mutationProp,0.25
Greedy,Pure Random,-2.82081E+17,48,5,false,false,0,346,137900,0.3,28.8,28.77818904,,,,,,,,,,,,,,,,
Ants,Pure Random,-2.82081E+17,48,5,true,false,1,212,14777318300,0.3,28.8,28.76658905,evaporationFactor,0.5,ants,50,roverSteps,20,alpha,1,beta,3,iterations,100,,,,
Genetic,Pure Random,-6.1716E+18,48,5,false,true,0,65,6336982000,0.3,14.4,13.86434581,eliteProp,0.1,mutateProb,0.05,generations,50,populationSize,100,planLength,15,selectionProp,0.25,marginProp,1.5,mutationProp,0.25
Greedy,Pure Random,-6.1716E+18,48,5,false,false,0,51,21400,0.3,14.4,14.33298182,,,,,,,,,,,,,,,,
Ants,Pure Random,-6.1716E+18,48,5,false,false,0,61,5356823900,0.3,14.4,14.35508497,evaporationFactor,0.5,ants,50,roverSteps,20,alpha,1,beta,3,iterations,100,,,,
Genetic,Pure Random,-1.32512E+18,48,5,true,true,5,609,60869973600,0.4,230.4,128.2505825,eliteProp,0.1,mutateProb,0.05,generations,50,populationSize,100,planLength,15,selectionProp,0.25,marginProp,1.5,mutationProp,0.25
Greedy,Pure Random,-1.32512E+18,48,5,true,true,1,1059,647000,0.4,230.4,213.1647182,,,,,,,,,,,,,,,,
Ants,Pure Random,-1.32512E+18,48,5,true,false,4,1177,1.38714E+11,0.4,230.4,230.2950325,evaporationFactor,0.5,ants,50,roverSteps,20,alpha,1,beta,3,iterations,100,,,,
Genetic,Pure Random,-4.14622E+18,48,5,true,true,5,197,19489192000,0.4,115.2,44.05691904,eliteProp,0.1,mutateProb,0.05,generations,50,populationSize,100,planLength,15,selectionProp,0.25,marginProp,1.5,mutationProp,0.25
Greedy,Pure Random,-4.14622E+18,48,5,false,false,0,820,927100,0.4,115.2,115.1476443,,,,,,,,,,,,,,,,
Ants,Pure Random,-4.14622E+18,48,5,true,true,5,603,70789230000,0.4,115.2,112.5609771,evaporationFactor,0.5,ants,50,roverSteps,20,alpha,1,beta,3,iterations,100,,,,
Genetic,Pure Random,2.00542E+18,48,5,true,true,4,249,22964656100,0.4,57.6,55.83084941,eliteProp,0.1,mutateProb,0.05,generations,50,populationSize,100,planLength,15,selectionProp,0.25,marginProp,1.5,mutationProp,0.25
Greedy,Pure Random,2.00542E+18,48,5,true,true,0,193,182400,0.4,57.6,40.33838896,,,,,,,,,,,,,,,,
Ants,Pure Random,2.00542E+18,48,5,true,false,2,264,25792393400,0.4,57.6,57.52152247,evaporationFactor,0.5,ants,50,roverSteps,20,alpha,1,beta,3,iterations,100,,,,
Genetic,Pure Random,4.48511E+18,48,5,true,true,0,121,13011070000,0.4,28.8,26.9033169,eliteProp,0.1,mutateProb,0.05,generations,50,populationSize,100,planLength,15,selectionProp,0.25,marginProp,1.5,mutationProp,0.25
Greedy,Pure Random,4.48511E+18,48,5,false,false,0,143,70200,0.4,28.8,28.5929851,,,,,,,,,,,,,,,,
Ants,Pure Random,4.48511E+18,48,5,true,false,0,130,10803169200,0.4,28.8,28.65846331,evaporationFactor,0.5,ants,50,roverSteps,20,alpha,1,beta,3,iterations,100,,,,
Genetic,Pure Random,8.13277E+18,48,5,false,true,0,61,5470509000,0.4,14.4,13.25303675,eliteProp,0.1,mutateProb,0.05,generations,50,populationSize,100,planLength,15,selectionProp,0.25,marginProp,1.5,mutationProp,0.25
Greedy,Pure Random,8.13277E+18,48,5,false,false,0,184,71600,0.4,14.4,14.34605004,,,,,,,,,,,,,,,,
Ants,Pure Random,8.13277E+18,48,5,false,false,0,72,4892446900,0.4,14.4,14.27760594,evaporationFactor,0.5,ants,50,roverSteps,20,alpha,1,beta,3,iterations,100,,,,
Genetic,Pure Random,2.7881E+18,48,5,true,true,5,249,21997545400,0.5,230.4,59.50193385,eliteProp,0.1,mutateProb,0.05,generations,50,populationSize,100,planLength,15,selectionProp,0.25,marginProp,1.5,mutationProp,0.25
Greedy,Pure Random,2.7881E+18,48,5,false,false,0,1236,1952300,0.5,230.4,230.1532431,,,,,,,,,,,,,,,,
Ants,Pure Random,2.7881E+18,48,5,true,true,5,869,1.29674E+11,0.5,230.4,185.1408536,evaporationFactor,0.5,ants,50,roverSteps,20,alpha,1,beta,3,iterations,100,,,,
Genetic,Pure Random,6.06047E+18,48,5,true,true,5,253,35722934900,0.5,115.2,58.57336385,eliteProp,0.1,mutateProb,0.05,generations,50,populationSize,100,planLength,15,selectionProp,0.25,marginProp,1.5,mutationProp,0.25
Greedy,Pure Random,6.06047E+18,48,5,true,true,4,553,429300,0.5,115.2,92.53672715,,,,,,,,,,,,,,,,
Ants,Pure Random,6.06047E+18,48,5,true,true,5,461,51013917300,0.5,115.2,97.19501782,evaporationFactor,0.5,ants,50,roverSteps,20,alpha,1,beta,3,iterations,100,,,,
Genetic,Pure Random,-1.19779E+18,48,5,true,true,4,281,23476155600,0.5,57.6,55.9329547,eliteProp,0.1,mutateProb,0.05,generations,50,populationSize,100,planLength,15,selectionProp,0.25,marginProp,1.5,mutationProp,0.25
Greedy,Pure Random,-1.19779E+18,48,5,true,true,5,211,237300,0.5,57.6,38.66179104,,,,,,,,,,,,,,,,
Ants,Pure Random,-1.19779E+18,48,5,true,false,2,268,21597066700,0.5,57.6,57.4345956,evaporationFactor,0.5,ants,50,roverSteps,20,alpha,1,beta,3,iterations,100,,,,
Genetic,Pure Random,9.65258E+17,48,5,true,true,1,109,9408407100,0.5,28.8,26.37890633,eliteProp,0.1,mutateProb,0.05,generations,50,populationSize,100,planLength,15,selectionProp,0.25,marginProp,1.5,mutationProp,0.25
Greedy,Pure Random,9.65258E+17,48,5,true,false,0,203,102900,0.5,28.8,28.70183811,,,,,,,,,,,,,,,,
Ants,Pure Random,9.65258E+17,48,5,true,false,3,138,11238684500,0.5,28.8,28.75850664,evaporationFactor,0.5,ants,50,roverSteps,20,alpha,1,beta,3,iterations,100,,,,
Genetic,Pure Random,-8.68507E+18,48,5,false,true,0,47,5765338900,0.5,14.4,10.92375099,eliteProp,0.1,mutateProb,0.05,generations,50,populationSize,100,planLength,15,selectionProp,0.25,marginProp,1.5,mutationProp,0.25
Greedy,Pure Random,-8.68507E+18,48,5,false,false,0,91,36600,0.5,14.4,14.22992301,,,,,,,,,,,,,,,,
Ants,Pure Random,-8.68507E+18,48,5,true,false,0,75,5170673600,0.5,14.4,14.26940358,evaporationFactor,0.5,ants,50,roverSteps,20,alpha,1,beta,3,iterations,100,,,,
Genetic,Pure Random,-8.37943E+18,48,5,true,true,5,261,24046021700,0.6,230.4,56.3056258,eliteProp,0.1,mutateProb,0.05,generations,50,populationSize,100,planLength,15,selectionProp,0.25,marginProp,1.5,mutationProp,0.25
Greedy,Pure Random,-8.37943E+18,48,5,true,true,5,369,574500,0.6,230.4,66.22458174,,,,,,,,,,,,,,,,
Ants,Pure Random,-8.37943E+18,48,5,true,true,5,851,1.07781E+11,0.6,230.4,173.7849276,evaporationFactor,0.5,ants,50,roverSteps,20,alpha,1,beta,3,iterations,100,,,,
Genetic,Pure Random,1.91606E+18,48,5,true,true,5,299,42803650300,0.6,115.2,64.33141292,eliteProp,0.1,mutateProb,0.05,generations,50,populationSize,100,planLength,15,selectionProp,0.25,marginProp,1.5,mutationProp,0.25
Greedy,Pure Random,1.91606E+18,48,5,false,false,0,594,478600,0.6,115.2,115.1581218,,,,,,,,,,,,,,,,
Ants,Pure Random,1.91606E+18,48,5,true,true,5,481,51276500300,0.6,115.2,102.4813826,evaporationFactor,0.5,ants,50,roverSteps,20,alpha,1,beta,3,iterations,100,,,,
Genetic,Pure Random,-3.15614E+17,48,5,true,true,4,249,21588066400,0.6,57.6,56.11089676,eliteProp,0.1,mutateProb,0.05,generations,50,populationSize,100,planLength,15,selectionProp,0.25,marginProp,1.5,mutationProp,0.25
Greedy,Pure Random,-3.15614E+17,48,5,true,true,4,217,191000,0.6,57.6,38.37850186,,,,,,,,,,,,,,,,
Ants,Pure Random,-3.15614E+17,48,5,true,false,3,267,22865701000,0.6,57.6,57.57216559,evaporationFactor,0.5,ants,50,roverSteps,20,alpha,1,beta,3,iterations,100,,,,
Genetic,Pure Random,-5.25614E+18,48,5,true,false,0,132,11088045400,0.6,28.8,28.59107066,eliteProp,0.1,mutateProb,0.05,generations,50,populationSize,100,planLength,15,selectionProp,0.25,marginProp,1.5,mutationProp,0.25
Greedy,Pure Random,-5.25614E+18,48,5,false,false,0,172,104400,0.6,28.8,28.72299776,,,,,,,,,,,,,,,,
Ants,Pure Random,-5.25614E+18,48,5,true,false,0,138,10554324500,0.6,28.8,28.64502667,evaporationFactor,0.5,ants,50,roverSteps,20,alpha,1,beta,3,iterations,100,,,,
Genetic,Pure Random,1.23103E+18,48,5,true,true,0,53,8049427900,0.6,14.4,12.58252799,eliteProp,0.1,mutateProb,0.05,generations,50,populationSize,100,planLength,15,selectionProp,0.25,marginProp,1.5,mutationProp,0.25
Greedy,Pure Random,1.23103E+18,48,5,false,false,0,150,75400,0.6,14.4,14.33710623,,,,,,,,,,,,,,,,
Ants,Pure Random,1.23103E+18,48,5,true,false,1,67,6558835500,0.6,14.4,14.11673794,evaporationFactor,0.5,ants,50,roverSteps,20,alpha,1,beta,3,iterations,100,,,,
Genetic,Pure Random,-4.72104E+18,48,3,true,true,3,151,8050802900,0,230.4,30.0527783,eliteProp,0.1,mutateProb,0.05,generations,50,populationSize,100,planLength,15,selectionProp,0.25,marginProp,1.5,mutationProp,0.25
Greedy,Pure Random,-4.72104E+18,48,3,true,true,3,199,158100,0,230.4,42.61376099,,,,,,,,,,,,,,,,
Ants,Pure Random,-4.72104E+18,48,3,true,true,3,621,78346127800,0,230.4,105.9235129,evaporationFactor,0.5,ants,50,roverSteps,20,alpha,1,beta,3,iterations,100,,,,
Genetic,Pure Random,1.23379E+18,48,3,true,true,3,181,19776780900,0,115.2,33.07102302,eliteProp,0.1,mutateProb,0.05,generations,50,populationSize,100,planLength,15,selectionProp,0.25,marginProp,1.5,mutationProp,0.25
Greedy,Pure Random,1.23379E+18,48,3,true,true,1,465,423700,0,115.2,92.33319583,,,,,,,,,,,,,,,,
Ants,Pure Random,1.23379E+18,48,3,true,true,3,653,66917635300,0,115.2,104.4764792,evaporationFactor,0.5,ants,50,roverSteps,20,alpha,1,beta,3,iterations,100,,,,
Genetic,Pure Random,-8.63804E+18,48,3,true,true,3,147,13239726600,0,57.6,31.84509439,eliteProp,0.1,mutateProb,0.05,generations,50,populationSize,100,planLength,15,selectionProp,0.25,marginProp,1.5,mutationProp,0.25
Greedy,Pure Random,-8.63804E+18,48,3,true,true,0,215,179000,0,57.6,37.96449009,,,,,,,,,,,,,,,,
Ants,Pure Random,-8.63804E+18,48,3,true,false,1,363,33044051800,0,57.6,57.5891135,evaporationFactor,0.5,ants,50,roverSteps,20,alpha,1,beta,3,iterations,100,,,,
Genetic,Pure Random,-7.60761E+18,48,3,true,true,3,97,5756717700,0,28.8,20.78443677,eliteProp,0.1,mutateProb,0.05,generations,50,populationSize,100,planLength,15,selectionProp,0.25,marginProp,1.5,mutationProp,0.25
Greedy,Pure Random,-7.60761E+18,48,3,true,true,0,25,21900,0,28.8,5.844799325,,,,,,,,,,,,,,,,
Ants,Pure Random,-7.60761E+18,48,3,true,false,1,185,14839529400,0,28.8,28.77291244,evaporationFactor,0.5,ants,50,roverSteps,20,alpha,1,beta,3,iterations,100,,,,
Genetic,Pure Random,-1.71204E+18,48,3,true,true,1,81,5067062400,0,14.4,13.13157672,eliteProp,0.1,mutateProb,0.05,generations,50,populationSize,100,planLength,15,selectionProp,0.25,marginProp,1.5,mutationProp,0.25
Greedy,Pure Random,-1.71204E+18,48,3,false,false,0,130,53700,0,14.4,14.36553365,,,,,,,,,,,,,,,,
Ants,Pure Random,-1.71204E+18,48,3,false,false,0,94,6884390800,0,14.4,13.87478195,evaporationFactor,0.5,ants,50,roverSteps,20,alpha,1,beta,3,iterations,100,,,,
Genetic,Pure Random,-2.83186E+18,48,3,true,true,3,161,13538404800,0.1,230.4,31.36575321,eliteProp,0.1,mutateProb,0.05,generations,50,populationSize,100,planLength,15,selectionProp,0.25,marginProp,1.5,mutationProp,0.25
Greedy,Pure Random,-2.83186E+18,48,3,true,true,1,207,189300,0.1,230.4,42.85829184,,,,,,,,,,,,,,,,
Ants,Pure Random,-2.83186E+18,48,3,true,false,2,486,74890404500,0.1,230.4,85.60057296,evaporationFactor,0.5,ants,50,roverSteps,20,alpha,1,beta,3,iterations,100,,,,
Genetic,Pure Random,-3.22251E+18,48,3,true,true,3,213,22631726200,0.1,115.2,39.26836886,eliteProp,0.1,mutateProb,0.05,generations,50,populationSize,100,planLength,15,selectionProp,0.25,marginProp,1.5,mutationProp,0.25
Greedy,Pure Random,-3.22251E+18,48,3,true,true,3,213,175700,0.1,115.2,44.06041075,,,,,,,,,,,,,,,,
Ants,Pure Random,-3.22251E+18,48,3,true,true,3,663,89185513600,0.1,115.2,105.6118616,evaporationFactor,0.5,ants,50,roverSteps,20,alpha,1,beta,3,iterations,100,,,,
Genetic,Pure Random,5.007E+18,48,3,true,true,3,241,15325673300,0.1,57.6,47.31383208,eliteProp,0.1,mutateProb,0.05,generations,50,populationSize,100,planLength,15,selectionProp,0.25,marginProp,1.5,mutationProp,0.25
Greedy,Pure Random,5.007E+18,48,3,true,true,3,181,137600,0.1,57.6,37.51952677,,,,,,,,,,,,,,,,
Ants,Pure Random,5.007E+18,48,3,true,false,3,353,40847106000,0.1,57.6,57.52669041,evaporationFactor,0.5,ants,50,roverSteps,20,alpha,1,beta,3,iterations,100,,,,
Genetic,Pure Random,7.27974E+18,48,3,true,true,2,153,10412418900,0.1,28.8,28.60926643,eliteProp,0.1,mutateProb,0.05,generations,50,populationSize,100,planLength,15,selectionProp,0.25,marginProp,1.5,mutationProp,0.25
Greedy,Pure Random,7.27974E+18,48,3,false,true,0,167,129800,0.1,28.8,28.72850839,,,,,,,,,,,,,,,,
Ants,Pure Random,7.27974E+18,48,3,true,false,0,175,16774021700,0.1,28.8,28.76052286,evaporationFactor,0.5,ants,50,roverSteps,20,alpha,1,beta,3,iterations,100,,,,
Genetic,Pure Random,6.52173E+18,48,3,true,true,2,59,6953975100,0.1,14.4,12.81037085,eliteProp,0.1,mutateProb,0.05,generations,50,populationSize,100,planLength,15,selectionProp,0.25,marginProp,1.5,mutationProp,0.25
Greedy,Pure Random,6.52173E+18,48,3,false,false,0,94,57200,0.1,14.4,14.3393296,,,,,,,,,,,,,,,,
Ants,Pure Random,6.52173E+18,48,3,false,false,1,84,6642738900,0.1,14.4,14.3648758,evaporationFactor,0.5,ants,50,roverSteps,20,alpha,1,beta,3,iterations,100,,,,
Genetic,Pure Random,-5.94493E+18,48,3,true,true,3,145,10643466300,0.2,230.4,28.84056723,eliteProp,0.1,mutateProb,0.05,generations,50,populationSize,100,planLength,15,selectionProp,0.25,marginProp,1.5,mutationProp,0.25
Greedy,Pure Random,-5.94493E+18,48,3,true,false,3,959,449000,0.2,230.4,230.3072272,,,,,,,,,,,,,,,,
Ants,Pure Random,-5.94493E+18,48,3,true,true,3,513,92054083500,0.2,230.4,91.02276693,evaporationFactor,0.5,ants,50,roverSteps,20,alpha,1,beta,3,iterations,100,,,,
Genetic,Pure Random,-7.92813E+18,48,3,true,true,3,229,16055049400,0.2,115.2,41.23567894,eliteProp,0.1,mutateProb,0.05,generations,50,populationSize,100,planLength,15,selectionProp,0.25,marginProp,1.5,mutationProp,0.25
Greedy,Pure Random,-7.92813E+18,48,3,true,true,3,147,148000,0.2,115.2,24.8764987,,,,,,,,,,,,,,,,
Ants,Pure Random,-7.92813E+18,48,3,true,true,3,529,74801190500,0.2,115.2,95.46840687,evaporationFactor,0.5,ants,50,roverSteps,20,alpha,1,beta,3,iterations,100,,,,
Genetic,Pure Random,-6.5448E+18,48,3,true,true,3,127,9102910300,0.2,57.6,27.63822122,eliteProp,0.1,mutateProb,0.05,generations,50,populationSize,100,planLength,15,selectionProp,0.25,marginProp,1.5,mutationProp,0.25
Greedy,Pure Random,-6.5448E+18,48,3,true,true,3,191,172500,0.2,57.6,38.22478303,,,,,,,,,,,,,,,,
Ants,Pure Random,-6.5448E+18,48,3,true,true,3,237,28568959700,0.2,57.6,48.09383846,evaporationFactor,0.5,ants,50,roverSteps,20,alpha,1,beta,3,iterations,100,,,,
Genetic,Pure Random,8.67325E+18,48,3,true,true,1,129,8608492500,0.2,28.8,27.73651463,eliteProp,0.1,mutateProb,0.05,generations,50,populationSize,100,planLength,15,selectionProp,0.25,marginProp,1.5,mutationProp,0.25
Greedy,Pure Random,8.67325E+18,48,3,false,false,0,250,105400,0.2,28.8,28.79585411,,,,,,,,,,,,,,,,
Ants,Pure Random,8.67325E+18,48,3,true,false,1,174,14669741300,0.2,28.8,28.72980815,evaporationFactor,0.5,ants,50,roverSteps,20,alpha,1,beta,3,iterations,100,,,,
Genetic,Pure Random,1.35747E+18,48,3,false,true,0,59,4675576000,0.2,14.4,12.77754671,eliteProp,0.1,mutateProb,0.05,generations,50,populationSize,100,planLength,15,selectionProp,0.25,marginProp,1.5,mutationProp,0.25
Greedy,Pure Random,1.35747E+18,48,3,false,true,0,93,55500,0.2,14.4,14.30962182,,,,,,,,,,,,,,,,
Ants,Pure Random,1.35747E+18,48,3,true,false,0,87,6703177000,0.2,14.4,14.39800164,evaporationFactor,0.5,ants,50,roverSteps,20,alpha,1,beta,3,iterations,100,,,,
Genetic,Pure Random,-7.08138E+18,48,3,true,true,3,177,21594332100,0.3,230.4,37.62094837,eliteProp,0.1,mutateProb,0.05,generations,50,populationSize,100,planLength,15,selectionProp,0.25,marginProp,1.5,mutationProp,0.25
Greedy,Pure Random,-7.08138E+18,48,3,true,true,3,165,101200,0.3,230.4,33.94912193,,,,,,,,,,,,,,,,
Ants,Pure Random,-7.08138E+18,48,3,true,true,3,467,50419388900,0.3,230.4,98.97542956,evaporationFactor,0.5,ants,50,roverSteps,20,alpha,1,beta,3,iterations,100,,,,
Genetic,Pure Random,7.2565E+18,48,3,true,true,3,175,13385615300,0.3,115.2,39.68982297,eliteProp,0.1,mutateProb,0.05,generations,50,populationSize,100,planLength,15,selectionProp,0.25,marginProp,1.5,mutationProp,0.25
Greedy,Pure Random,7.2565E+18,48,3,true,true,2,563,425000,0.3,115.2,96.5373911,,,,,,,,,,,,,,,,
Ants,Pure Random,7.2565E+18,48,3,true,false,2,591,66384376100,0.3,115.2,115.0181951,evaporationFactor,0.5,ants,50,roverSteps,20,alpha,1,beta,3,iterations,100,,,,
Genetic,Pure Random,8.25532E+18,48,3,true,true,3,181,15734861800,0.3,57.6,43.04053674,eliteProp,0.1,mutateProb,0.05,generations,50,populationSize,100,planLength,15,selectionProp,0.25,marginProp,1.5,mutationProp,0.25
Greedy,Pure Random,8.25532E+18,48,3,true,true,0,165,229400,0.3,57.6,36.80030651,,,,,,,,,,,,,,,,
Ants,Pure Random,8.25532E+18,48,3,true,false,2,290,24079245500,0.3,57.6,57.56762044,evaporationFactor,0.5,ants,50,roverSteps,20,alpha,1,beta,3,iterations,100,,,,
Genetic,Pure Random,1.08696E+18,48,3,false,true,0,111,5410515200,0.3,28.8,24.70274944,eliteProp,0.1,mutateProb,0.05,generations,50,populationSize,100,planLength,15,selectionProp,0.25,marginProp,1.5,mutationProp,0.25
Greedy,Pure Random,1.08696E+18,48,3,false,false,0,188,95800,0.3,28.8,28.79400687,,,,,,,,,,,,,,,,
Ants,Pure Random,1.08696E+18,48,3,false,false,0,135,10868978600,0.3,28.8,28.78825371,evaporationFactor,0.5,ants,50,roverSteps,20,alpha,1,beta,3,iterations,100,,,,
Genetic,Pure Random,8.51281E+18,48,3,false,true,0,63,5423582700,0.3,14.4,11.88812575,eliteProp,0.1,mutateProb,0.05,generations,50,populationSize,100,planLength,15,selectionProp,0.25,marginProp,1.5,mutationProp,0.25
Greedy,Pure Random,8.51281E+18,48,3,false,false,0,76,30900,0.3,14.4,14.29762534,,,,,,,,,,,,,,,,
Ants,Pure Random,8.51281E+18,48,3,false,false,0,75,5469248200,0.3,14.4,14.0615584,evaporationFactor,0.5,ants,50,roverSteps,20,alpha,1,beta,3,iterations,100,,,,
Genetic,Pure Random,-2.67043E+18,48,3,true,true,3,207,17669301800,0.4,230.4,44.95607738,eliteProp,0.1,mutateProb,0.05,generations,50,populationSize,100,planLength,15,selectionProp,0.25,marginProp,1.5,mutationProp,0.25
Greedy,Pure Random,-2.67043E+18,48,3,true,false,2,1155,929100,0.4,230.4,230.2024094,,,,,,,,,,,,,,,,
Ants,Pure Random,-2.67043E+18,48,3,true,true,3,409,58837506300,0.4,230.4,91.32614315,evaporationFactor,0.5,ants,50,roverSteps,20,alpha,1,beta,3,iterations,100,,,,
Genetic,Pure Random,-6.79322E+18,48,3,true,true,3,159,11160176100,0.4,115.2,38.14906704,eliteProp,0.1,mutateProb,0.05,generations,50,populationSize,100,planLength,15,selectionProp,0.25,marginProp,1.5,mutationProp,0.25
Greedy,Pure Random,-6.79322E+18,48,3,true,false,3,573,368500,0.4,115.2,114.8289109,,,,,,,,,,,,,,,,
Ants,Pure Random,-6.79322E+18,48,3,true,false,3,572,66782918100,0.4,115.2,115.0608299,evaporationFactor,0.5,ants,50,roverSteps,20,alpha,1,beta,3,iterations,100,,,,
Genetic,Pure Random,4.62478E+18,48,3,true,true,3,123,14434888200,0.4,57.6,27.78946307,eliteProp,0.1,mutateProb,0.05,generations,50,populationSize,100,planLength,15,selectionProp,0.25,marginProp,1.5,mutationProp,0.25
Greedy,Pure Random,4.62478E+18,48,3,true,true,0,181,583300,0.4,57.6,35.72109064,,,,,,,,,,,,,,,,
Ants,Pure Random,4.62478E+18,48,3,true,false,3,275,31627463800,0.4,57.6,57.25893819,evaporationFactor,0.5,ants,50,roverSteps,20,alpha,1,beta,3,iterations,100,,,,
Genetic,Pure Random,3.35395E+18,48,3,true,true,3,75,14259778400,0.4,28.8,17.70528187,eliteProp,0.1,mutateProb,0.05,generations,50,populationSize,100,planLength,15,selectionProp,0.25,marginProp,1.5,mutationProp,0.25
Greedy,Pure Random,3.35395E+18,48,3,false,false,1,141,74200,0.4,28.8,28.64267342,,,,,,,,,,,,,,,,
Ants,Pure Random,3.35395E+18,48,3,true,false,3,146,15710216700,0.4,28.8,28.79766447,evaporationFactor,0.5,ants,50,roverSteps,20,alpha,1,beta,3,iterations,100,,,,
Genetic,Pure Random,-1.64405E+18,48,3,false,true,0,67,5334892600,0.4,14.4,13.53563739,eliteProp,0.1,mutateProb,0.05,generations,50,populationSize,100,planLength,15,selectionProp,0.25,marginProp,1.5,mutationProp,0.25
Greedy,Pure Random,-1.64405E+18,48,3,false,false,0,119,140600,0.4,14.4,14.36314593,,,,,,,,,,,,,,,,
Ants,Pure Random,-1.64405E+18,48,3,true,false,1,71,6335876200,0.4,14.4,14.31600788,evaporationFactor,0.5,ants,50,roverSteps,20,alpha,1,beta,3,iterations,100,,,,
Genetic,Pure Random,-5.58246E+18,48,3,true,true,3,157,11469158800,0.5,230.4,33.97073051,eliteProp,0.1,mutateProb,0.05,generations,50,populationSize,100,planLength,15,selectionProp,0.25,marginProp,1.5,mutationProp,0.25
Greedy,Pure Random,-5.58246E+18,48,3,true,false,3,1385,702400,0.5,230.4,230.2691603,,,,,,,,,,,,,,,,
Ants,Pure Random,-5.58246E+18,48,3,true,true,3,349,36769960400,0.5,230.4,74.36987287,evaporationFactor,0.5,ants,50,roverSteps,20,alpha,1,beta,3,iterations,100,,,,
Genetic,Pure Random,7.53857E+18,48,3,true,true,3,261,14775581400,0.5,115.2,55.92096627,eliteProp,0.1,mutateProb,0.05,generations,50,populationSize,100,planLength,15,selectionProp,0.25,marginProp,1.5,mutationProp,0.25
Greedy,Pure Random,7.53857E+18,48,3,true,false,1,623,446100,0.5,115.2,114.8489901,,,,,,,,,,,,,,,,
Ants,Pure Random,7.53857E+18,48,3,true,false,3,578,57791458600,0.5,115.2,115.1684763,evaporationFactor,0.5,ants,50,roverSteps,20,alpha,1,beta,3,iterations,100,,,,
Genetic,Pure Random,-2.34474E+18,48,3,true,true,3,201,10878762100,0.5,57.6,44.19545126,eliteProp,0.1,mutateProb,0.05,generations,50,populationSize,100,planLength,15,selectionProp,0.25,marginProp,1.5,mutationProp,0.25
Greedy,Pure Random,-2.34474E+18,48,3,true,true,1,193,162600,0.5,57.6,38.72464082,,,,,,,,,,,,,,,,
Ants,Pure Random,-2.34474E+18,48,3,true,false,2,399,34322805900,0.5,57.6,57.55380821,evaporationFactor,0.5,ants,50,roverSteps,20,alpha,1,beta,3,iterations,100,,,,
Genetic,Pure Random,-8.94779E+16,48,3,true,true,2,125,9780568600,0.5,28.8,27.14310061,eliteProp,0.1,mutateProb,0.05,generations,50,populationSize,100,planLength,15,selectionProp,0.25,marginProp,1.5,mutationProp,0.25
Greedy,Pure Random,-8.94779E+16,48,3,true,true,0,41,26800,0.5,28.8,7.966609984,,,,,,,,,,,,,,,,
Ants,Pure Random,-8.94779E+16,48,3,true,false,2,249,18224840500,0.5,28.8,28.78801786,evaporationFactor,0.5,ants,50,roverSteps,20,alpha,1,beta,3,iterations,100,,,,
Genetic,Pure Random,-5.15858E+18,48,3,false,true,0,55,3016775600,0.5,14.4,12.98100245,eliteProp,0.1,mutateProb,0.05,generations,50,populationSize,100,planLength,15,selectionProp,0.25,marginProp,1.5,mutationProp,0.25
Greedy,Pure Random,-5.15858E+18,48,3,false,false,0,94,44200,0.5,14.4,14.28901732,,,,,,,,,,,,,,,,
Ants,Pure Random,-5.15858E+18,48,3,false,false,0,67,5719272600,0.5,14.4,14.33407429,evaporationFactor,0.5,ants,50,roverSteps,20,alpha,1,beta,3,iterations,100,,,,
Genetic,Pure Random,-6.18821E+18,48,3,true,true,3,197,12209442400,0.6,230.4,45.86919505,eliteProp,0.1,mutateProb,0.05,generations,50,populationSize,100,planLength,15,selectionProp,0.25,marginProp,1.5,mutationProp,0.25
Greedy,Pure Random,-6.18821E+18,48,3,true,true,3,263,221100,0.6,230.4,49.04166892,,,,,,,,,,,,,,,,
Ants,Pure Random,-6.18821E+18,48,3,true,true,3,817,94214908500,0.6,230.4,175.3171805,evaporationFactor,0.5,ants,50,roverSteps,20,alpha,1,beta,3,iterations,100,,,,
Genetic,Pure Random,-2.38437E+18,48,3,true,true,3,201,11823088300,0.6,115.2,46.88934457,eliteProp,0.1,mutateProb,0.05,generations,50,populationSize,100,planLength,15,selectionProp,0.25,marginProp,1.5,mutationProp,0.25
Greedy,Pure Random,-2.38437E+18,48,3,true,false,3,994,455300,0.6,115.2,115.1064796,,,,,,,,,,,,,,,,
Ants,Pure Random,-2.38437E+18,48,3,true,false,1,582,57949284400,0.6,115.2,115.1629877,evaporationFactor,0.5,ants,50,roverSteps,20,alpha,1,beta,3,iterations,100,,,,
Genetic,Pure Random,3.37901E+18,48,3,true,true,3,187,14634357100,0.6,57.6,45.34329967,eliteProp,0.1,mutateProb,0.05,generations,50,populationSize,100,planLength,15,selectionProp,0.25,marginProp,1.5,mutationProp,0.25
Greedy,Pure Random,3.37901E+18,48,3,true,true,2,173,147900,0.6,57.6,35.39516796,,,,,,,,,,,,,,,,
Ants,Pure Random,3.37901E+18,48,3,true,false,1,282,25832161900,0.6,57.6,57.22890354,evaporationFactor,0.5,ants,50,roverSteps,20,alpha,1,beta,3,iterations,100,,,,
Genetic,Pure Random,4.36096E+18,48,3,true,true,1,113,8689300000,0.6,28.8,28.46897584,eliteProp,0.1,mutateProb,0.05,generations,50,populationSize,100,planLength,15,selectionProp,0.25,marginProp,1.5,mutationProp,0.25
Greedy,Pure Random,4.36096E+18,48,3,false,false,0,173,82200,0.6,28.8,28.70638564,,,,,,,,,,,,,,,,
Ants,Pure Random,4.36096E+18,48,3,true,false,1,217,15990798200,0.6,28.8,28.79303044,evaporationFactor,0.5,ants,50,roverSteps,20,alpha,1,beta,3,iterations,100,,,,
Genetic,Pure Random,-1.49156E+18,48,3,false,true,0,47,3785916100,0.6,14.4,11.55187975,eliteProp,0.1,mutateProb,0.05,generations,50,populationSize,100,planLength,15,selectionProp,0.25,marginProp,1.5,mutationProp,0.25
Greedy,Pure Random,-1.49156E+18,48,3,false,false,0,78,32500,0.6,14.4,14.32742224,,,,,,,,,,,,,,,,
Ants,Pure Random,-1.49156E+18,48,3,true,false,0,73,6033618900,0.6,14.4,14.0030116,evaporationFactor,0.5,ants,50,roverSteps,20,alpha,1,beta,3,iterations,100,,,,
Genetic,Pure Random,1.89427E+18,32,5,true,true,5,171,8614640000,0,102.4,32.05083573,eliteProp,0.1,mutateProb,0.05,generations,50,populationSize,100,planLength,15,selectionProp,0.25,marginProp,1.5,mutationProp,0.25
Greedy,Pure Random,1.89427E+18,32,5,true,true,0,165,145100,0,102.4,31.50779709,,,,,,,,,,,,,,,,
Ants,Pure Random,1.89427E+18,32,5,true,true,5,363,42162967200,0,102.4,55.25737127,evaporationFactor,0.5,ants,50,roverSteps,20,alpha,1,beta,3,iterations,100,,,,
Genetic,Pure Random,4.84437E+18,32,5,true,true,5,195,15745447900,0,51.2,30.19816449,eliteProp,0.1,mutateProb,0.05,generations,50,populationSize,100,planLength,15,selectionProp,0.25,marginProp,1.5,mutationProp,0.25
Greedy,Pure Random,4.84437E+18,32,5,false,false,0,343,393500,0,51.2,51.19647915,,,,,,,,,,,,,,,,
Ants,Pure Random,4.84437E+18,32,5,true,true,5,329,26324309600,0,51.2,46.98211634,evaporationFactor,0.5,ants,50,roverSteps,20,alpha,1,beta,3,iterations,100,,,,
Genetic,Pure Random,4.6942E+17,32,5,true,true,3,145,12723758700,0,25.6,25.10694938,eliteProp,0.1,mutateProb,0.05,generations,50,populationSize,100,planLength,15,selectionProp,0.25,marginProp,1.5,mutationProp,0.25
Greedy,Pure Random,4.6942E+17,32,5,false,false,0,151,151400,0,25.6,25.5909914,,,,,,,,,,,,,,,,
Ants,Pure Random,4.6942E+17,32,5,true,false,2,179,16440388300,0,25.6,25.55518422,evaporationFactor,0.5,ants,50,roverSteps,20,alpha,1,beta,3,iterations,100,,,,
Genetic,Pure Random,-2.51242E+18,32,5,false,true,0,69,6400645700,0,12.8,11.5384929,eliteProp,0.1,mutateProb,0.05,generations,50,populationSize,100,planLength,15,selectionProp,0.25,marginProp,1.5,mutationProp,0.25
Greedy,Pure Random,-2.51242E+18,32,5,false,false,0,74,45100,0,12.8,12.72702605,,,,,,,,,,,,,,,,
Ants,Pure Random,-2.51242E+18,32,5,false,false,0,95,4666867700,0,12.8,12.78851899,evaporationFactor,0.5,ants,50,roverSteps,20,alpha,1,beta,3,iterations,100,,,,
Genetic,Pure Random,6.22751E+18,32,5,true,false,0,32,5493262100,0,6.4,6.044607003,eliteProp,0.1,mutateProb,0.05,generations,50,populationSize,100,planLength,15,selectionProp,0.25,marginProp,1.5,mutationProp,0.25
Greedy,Pure Random,6.22751E+18,32,5,false,false,0,32,19400,0,6.4,6.104797267,,,,,,,,,,,,,,,,
Ants,Pure Random,6.22751E+18,32,5,false,false,0,47,2315990700,0,6.4,6.329458972,evaporationFactor,0.5,ants,50,roverSteps,20,alpha,1,beta,3,iterations,100,,,,
Genetic,Pure Random,7.7776E+18,32,5,true,true,5,157,12392532600,0.1,102.4,29.90037727,eliteProp,0.1,mutateProb,0.05,generations,50,populationSize,100,planLength,15,selectionProp,0.25,marginProp,1.5,mutationProp,0.25
Greedy,Pure Random,7.7776E+18,32,5,true,true,5,167,133000,0.1,102.4,31.86133872,,,,,,,,,,,,,,,,
Ants,Pure Random,7.7776E+18,32,5,true,true,5,559,47580142200,0.1,102.4,91.9751902,evaporationFactor,0.5,ants,50,roverSteps,20,alpha,1,beta,3,iterations,100,,,,
Genetic,Pure Random,-4.8268E+18,32,5,true,true,5,225,16385287200,0.1,51.2,37.79680931,eliteProp,0.1,mutateProb,0.05,generations,50,populationSize,100,planLength,15,selectionProp,0.25,marginProp,1.5,mutationProp,0.25
Greedy,Pure Random,-4.8268E+18,32,5,true,true,0,215,175300,0.1,51.2,39.53523079,,,,,,,,,,,,,,,,
Ants,Pure Random,-4.8268E+18,32,5,true,false,2,323,26253814400,0.1,51.2,51.13321248,evaporationFactor,0.5,ants,50,roverSteps,20,alpha,1,beta,3,iterations,100,,,,
Genetic,Pure Random,1.11046E+18,32,5,true,true,4,137,9554108300,0.1,25.6,23.83729214,eliteProp,0.1,mutateProb,0.05,generations,50,populationSize,100,planLength,15,selectionProp,0.25,marginProp,1.5,mutationProp,0.25
Greedy,Pure Random,1.11046E+18,32,5,true,true,2,73,69800,0.1,25.6,13.58046218,,,,,,,,,,,,,,,,
Ants,Pure Random,1.11046E+18,32,5,true,false,4,227,15109821500,0.1,25.6,25.54776004,evaporationFactor,0.5,ants,50,roverSteps,20,alpha,1,beta,3,iterations,100,,,,
Genetic,Pure Random,4.52678E+18,32,5,true,true,2,51,5073602200,0.1,12.8,10.87980919,eliteProp,0.1,mutateProb,0.05,generations,50,populationSize,100,planLength,15,selectionProp,0.25,marginProp,1.5,mutationProp,0.25
Greedy,Pure Random,4.52678E+18,32,5,false,false,0,78,36400,0.1,12.8,12.68698763,,,,,,,,,,,,,,,,
Ants,Pure Random,4.52678E+18,32,5,true,false,1,86,5310840300,0.1,12.8,12.78758171,evaporationFactor,0.5,ants,50,roverSteps,20,alpha,1,beta,3,iterations,100,,,,
Genetic,Pure Random,-8.30748E+18,32,5,false,true,0,33,2743839000,0.1,6.4,5.193985002,eliteProp,0.1,mutateProb,0.05,generations,50,populationSize,100,planLength,15,selectionProp,0.25,marginProp,1.5,mutationProp,0.25
Greedy,Pure Random,-8.30748E+18,32,5,false,false,0,45,38600,0.1,6.4,6.363226172,,,,,,,,,,,,,,,,
Ants,Pure Random,-8.30748E+18,32,5,false,false,0,42,1971149000,0.1,6.4,6.32068412,evaporationFactor,0.5,ants,50,roverSteps,20,alpha,1,beta,3,iterations,100,,,,
Genetic,Pure Random,-6.64381E+18,32,5,true,true,5,113,7332218800,0.2,102.4,23.69435499,eliteProp,0.1,mutateProb,0.05,generations,50,populationSize,100,planLength,15,selectionProp,0.25,marginProp,1.5,mutationProp,0.25
Greedy,Pure Random,-6.64381E+18,32,5,true,true,5,197,161700,0.2,102.4,36.50019326,,,,,,,,,,,,,,,,
Ants,Pure Random,-6.64381E+18,32,5,true,true,5,365,30078145500,0.2,102.4,62.53335652,evaporationFactor,0.5,ants,50,roverSteps,20,alpha,1,beta,3,iterations,100,,,,
Genetic,Pure Random,-8.8243E+18,32,5,true,true,5,177,11755875300,0.2,51.2,37.5753511,eliteProp,0.1,mutateProb,0.05,generations,50,populationSize,100,planLength,15,selectionProp,0.25,marginProp,1.5,mutationProp,0.25
Greedy,Pure Random,-8.8243E+18,32,5,false,false,0,308,320400,0.2,51.2,50.91801109,,,,,,,,,,,,,,,,
Ants,Pure Random,-8.8243E+18,32,5,true,false,2,267,16284814300,0.2,51.2,51.03699228,evaporationFactor,0.5,ants,50,roverSteps,20,alpha,1,beta,3,iterations,100,,,,
Genetic,Pure Random,-7.40356E+18,32,5,true,true,2,133,8698368500,0.2,25.6,24.46252494,eliteProp,0.1,mutateProb,0.05,generations,50,populationSize,100,planLength,15,selectionProp,0.25,marginProp,1.5,mutationProp,0.25
Greedy,Pure Random,-7.40356E+18,32,5,true,true,1,69,71800,0.2,25.6,11.70716132,,,,,,,,,,,,,,,,
Ants,Pure Random,-7.40356E+18,32,5,true,false,3,142,7985513100,0.2,25.6,25.53834295,evaporationFactor,0.5,ants,50,roverSteps,20,alpha,1,beta,3,iterations,100,,,,
Genetic,Pure Random,8.76177E+17,32,5,true,true,1,63,5007166900,0.2,12.8,11.75286105,eliteProp,0.1,mutateProb,0.05,generations,50,populationSize,100,planLength,15,selectionProp,0.25,marginProp,1.5,mutationProp,0.25
Greedy,Pure Random,8.76177E+17,32,5,false,false,0,89,66500,0.2,12.8,12.68732339,,,,,,,,,,,,,,,,
Ants,Pure Random,8.76177E+17,32,5,true,false,1,63,3759123800,0.2,12.8,12.7647024,evaporationFactor,0.5,ants,50,roverSteps,20,alpha,1,beta,3,iterations,100,,,,
Genetic,Pure Random,-5.90595E+18,32,5,false,true,0,29,1360872600,0.2,6.4,5.689293378,eliteProp,0.1,mutateProb,0.05,generations,50,populationSize,100,planLength,15,selectionProp,0.25,marginProp,1.5,mutationProp,0.25
Greedy,Pure Random,-5.90595E+18,32,5,false,false,0,37,17900,0.2,6.4,6.142846879,,,,,,,,,,,,,,,,
Ants,Pure Random,-5.90595E+18,32,5,false,false,0,33,1450253900,0.2,6.4,6.308463718,evaporationFactor,0.5,ants,50,roverSteps,20,alpha,1,beta,3,iterations,100,,,,
Genetic,Pure Random,5.13872E+18,32,5,true,true,5,239,14423742800,0.3,102.4,50.98234027,eliteProp,0.1,mutateProb,0.05,generations,50,populationSize,100,planLength,15,selectionProp,0.25,marginProp,1.5,mutationProp,0.25
Greedy,Pure Random,5.13872E+18,32,5,true,true,2,549,308600,0.3,102.4,89.45981127,,,,,,,,,,,,,,,,
Ants,Pure Random,5.13872E+18,32,5,true,true,5,339,23787885400,0.3,102.4,71.62680068,evaporationFactor,0.5,ants,50,roverSteps,20,alpha,1,beta,3,iterations,100,,,,
Genetic,Pure Random,-6.40096E+18,32,5,true,true,5,145,8148107900,0.3,51.2,30.34545411,eliteProp,0.1,mutateProb,0.05,generations,50,populationSize,100,planLength,15,selectionProp,0.25,marginProp,1.5,mutationProp,0.25
Greedy,Pure Random,-6.40096E+18,32,5,true,true,4,209,170800,0.3,51.2,37.49666774,,,,,,,,,,,,,,,,
Ants,Pure Random,-6.40096E+18,32,5,true,true,5,219,16547293700,0.3,51.2,41.01667641,evaporationFactor,0.5,ants,50,roverSteps,20,alpha,1,beta,3,iterations,100,,,,
Genetic,Pure Random,8.74229E+18,32,5,true,true,1,111,4587898200,0.3,25.6,24.49398138,eliteProp,0.1,mutateProb,0.05,generations,50,populationSize,100,planLength,15,selectionProp,0.25,marginProp,1.5,mutationProp,0.25
Greedy,Pure Random,8.74229E+18,32,5,false,false,0,154,83000,0.3,25.6,25.37644217,,,,,,,,,,,,,,,,
Ants,Pure Random,8.74229E+18,32,5,true,false,1,120,6414083900,0.3,25.6,25.37960494,evaporationFactor,0.5,ants,50,roverSteps,20,alpha,1,beta,3,iterations,100,,,,
Genetic,Pure Random,-3.23092E+18,32,5,true,true,0,57,2325597700,0.3,12.8,10.56530657,eliteProp,0.1,mutateProb,0.05,generations,50,populationSize,100,planLength,15,selectionProp,0.25,marginProp,1.5,mutationProp,0.25
Greedy,Pure Random,-3.23092E+18,32,5,false,false,0,83,32300,0.3,12.8,12.6915517,,,,,,,,,,,,,,,,
Ants,Pure Random,-3.23092E+18,32,5,true,false,2,64,3562324400,0.3,12.8,12.71983746,evaporationFactor,0.5,ants,50,roverSteps,20,alpha,1,beta,3,iterations,100,,,,
Genetic,Pure Random,8.90471E+18,32,5,false,true,1,27,1772990400,0.3,6.4,5.38486763,eliteProp,0.1,mutateProb,0.05,generations,50,populationSize,100,planLength,15,selectionProp,0.25,marginProp,1.5,mutationProp,0.25
Greedy,Pure Random,8.90471E+18,32,5,false,false,0,43,20500,0.3,6.4,6.346089732,,,,,,,,,,,,,,,,
Ants,Pure Random,8.90471E+18,32,5,true,false,0,37,1843905100,0.3,6.4,6.373408413,evaporationFactor,0.5,ants,50,roverSteps,20,alpha,1,beta,3,iterations,100,,,,
Genetic,Pure Random,-5.00224E+18,32,5,true,true,5,225,10941039100,0.4,102.4,46.2805489,eliteProp,0.1,mutateProb,0.05,generations,50,populationSize,100,planLength,15,selectionProp,0.25,marginProp,1.5,mutationProp,0.25
Greedy,Pure Random,-5.00224E+18,32,5,false,false,0,560,466500,0.4,102.4,102.28356,,,,,,,,,,,,,,,,
Ants,Pure Random,-5.00224E+18,32,5,true,false,5,523,32026530500,0.4,102.4,102.2480065,evaporationFactor,0.5,ants,50,roverSteps,20,alpha,1,beta,3,iterations,100,,,,
Genetic,Pure Random,5.86227E+18,32,5,true,true,5,165,8512782700,0.4,51.2,37.8038792,eliteProp,0.1,mutateProb,0.05,generations,50,populationSize,100,planLength,15,selectionProp,0.25,marginProp,1.5,mutationProp,0.25
Greedy,Pure Random,5.86227E+18,32,5,true,true,3,195,135900,0.4,51.2,37.94875275,,,,,,,,,,,,,,,,
Ants,Pure Random,5.86227E+18,32,5,true,false,3,245,15879344400,0.4,51.2,51.19467069,evaporationFactor,0.5,ants,50,roverSteps,20,alpha,1,beta,3,iterations,100,,,,
Genetic,Pure Random,1.52444E+18,32,5,true,true,3,109,6077438100,0.4,25.6,24.15214742,eliteProp,0.1,mutateProb,0.05,generations,50,populationSize,100,planLength,15,selectionProp,0.25,marginProp,1.5,mutationProp,0.25
Greedy,Pure Random,1.52444E+18,32,5,true,true,2,71,44700,0.4,25.6,13.43041047,,,,,,,,,,,,,,,,
Ants,Pure Random,1.52444E+18,32,5,true,false,1,124,6686005700,0.4,25.6,25.58078579,evaporationFactor,0.5,ants,50,roverSteps,20,alpha,1,beta,3,iterations,100,,,,
Genetic,Pure Random,-5.41485E+18,32,5,false,true,1,53,2853001000,0.4,12.8,11.32643372,eliteProp,0.1,mutateProb,0.05,generations,50,populationSize,100,planLength,15,selectionProp,0.25,marginProp,1.5,mutationProp,0.25
Greedy,Pure Random,-5.41485E+18,32,5,false,false,0,83,54400,0.4,12.8,12.47612847,,,,,,,,,,,,,,,,
Ants,Pure Random,-5.41485E+18,32,5,false,false,2,66,3497489400,0.4,12.8,12.75450931,evaporationFactor,0.5,ants,50,roverSteps,20,alpha,1,beta,3,iterations,100,,,,
Genetic,Pure Random,5.21872E+18,32,5,true,true,1,27,3597635700,0.4,6.4,6.150882693,eliteProp,0.1,mutateProb,0.05,generations,50,populationSize,100,planLength,15,selectionProp,0.25,marginProp,1.5,mutationProp,0.25
Greedy,Pure Random,5.21872E+18,32,5,false,false,0,33,24300,0.4,6.4,6.245484222,,,,,,,,,,,,,,,,
Ants,Pure Random,5.21872E+18,32,5,true,false,0,21,1297605500,0.4,6.4,6.245329173,evaporationFactor,0.5,ants,50,roverSteps,20,alpha,1,beta,3,iterations,100,,,,
Genetic,Pure Random,-5.93744E+18,32,5,true,true,5,131,6961867400,0.5,102.4,31.18131577,eliteProp,0.1,mutateProb,0.05,generations,50,populationSize,100,planLength,15,selectionProp,0.25,marginProp,1.5,mutationProp,0.25
Greedy,Pure Random,-5.93744E+18,32,5,true,true,5,145,89100,0.5,102.4,28.98050947,,,,,,,,,,,,,,,,
Ants,Pure Random,-5.93744E+18,32,5,true,true,5,393,36521808800,0.5,102.4,82.50818351,evaporationFactor,0.5,ants,50,roverSteps,20,alpha,1,beta,3,iterations,100,,,,
Genetic,Pure Random,-1.19766E+18,32,5,true,true,4,213,9222232500,0.5,51.2,49.0230829,eliteProp,0.1,mutateProb,0.05,generations,50,populationSize,100,planLength,15,selectionProp,0.25,marginProp,1.5,mutationProp,0.25
Greedy,Pure Random,-1.19766E+18,32,5,false,false,0,374,279000,0.5,51.2,51.18234269,,,,,,,,,,,,,,,,
Ants,Pure Random,-1.19766E+18,32,5,true,false,3,272,13886386200,0.5,51.2,51.08532619,evaporationFactor,0.5,ants,50,roverSteps,20,alpha,1,beta,3,iterations,100,,,,
Genetic,Pure Random,4.20659E+18,32,5,true,true,3,115,5810216400,0.5,25.6,24.04002494,eliteProp,0.1,mutateProb,0.05,generations,50,populationSize,100,planLength,15,selectionProp,0.25,marginProp,1.5,mutationProp,0.25
Greedy,Pure Random,4.20659E+18,32,5,true,true,0,93,74200,0.5,25.6,15.40024175,,,,,,,,,,,,,,,,
Ants,Pure Random,4.20659E+18,32,5,true,false,0,126,5515531100,0.5,25.6,25.52033141,evaporationFactor,0.5,ants,50,roverSteps,20,alpha,1,beta,3,iterations,100,,,,
Genetic,Pure Random,5.65967E+18,32,5,false,true,0,49,2460526500,0.5,12.8,9.505031116,eliteProp,0.1,mutateProb,0.05,generations,50,populationSize,100,planLength,15,selectionProp,0.25,marginProp,1.5,mutationProp,0.25
Greedy,Pure Random,5.65967E+18,32,5,false,false,0,54,22800,0.5,12.8,12.71867692,,,,,,,,,,,,,,,,
Ants,Pure Random,5.65967E+18,32,5,false,false,1,60,2804109500,0.5,12.8,12.74974703,evaporationFactor,0.5,ants,50,roverSteps,20,alpha,1,beta,3,iterations,100,,,,
Genetic,Pure Random,-6.2975E+18,32,5,false,true,0,31,1703524400,0.5,6.4,6.153256493,eliteProp,0.1,mutateProb,0.05,generations,50,populationSize,100,planLength,15,selectionProp,0.25,marginProp,1.5,mutationProp,0.25
Greedy,Pure Random,-6.2975E+18,32,5,false,true,0,29,13000,0.5,6.4,6.320617519,,,,,,,,,,,,,,,,
Ants,Pure Random,-6.2975E+18,32,5,false,false,0,23,1251941800,0.5,6.4,6.336307022,evaporationFactor,0.5,ants,50,roverSteps,20,alpha,1,beta,3,iterations,100,,,,
Genetic,Pure Random,-7.77393E+17,32,5,true,true,5,211,10020912900,0.6,102.4,48.07297329,eliteProp,0.1,mutateProb,0.05,generations,50,populationSize,100,planLength,15,selectionProp,0.25,marginProp,1.5,mutationProp,0.25
Greedy,Pure Random,-7.77393E+17,32,5,true,true,4,471,314200,0.6,102.4,91.13462519,,,,,,,,,,,,,,,,
Ants,Pure Random,-7.77393E+17,32,5,true,true,5,451,43670533300,0.6,102.4,96.5238585,evaporationFactor,0.5,ants,50,roverSteps,20,alpha,1,beta,3,iterations,100,,,,
Genetic,Pure Random,4.76572E+18,32,5,true,true,5,185,21271952800,0.6,51.2,44.57668273,eliteProp,0.1,mutateProb,0.05,generations,50,populationSize,100,planLength,15,selectionProp,0.25,marginProp,1.5,mutationProp,0.25
Greedy,Pure Random,4.76572E+18,32,5,true,true,4,195,251900,0.6,51.2,39.75061231,,,,,,,,,,,,,,,,
Ants,Pure Random,4.76572E+18,32,5,true,false,3,247,17331208900,0.6,51.2,51.16839575,evaporationFactor,0.5,ants,50,roverSteps,20,alpha,1,beta,3,iterations,100,,,,
Genetic,Pure Random,-5.20537E+18,32,5,true,true,2,113,6204357600,0.6,25.6,25.10063938,eliteProp,0.1,mutateProb,0.05,generations,50,populationSize,100,planLength,15,selectionProp,0.25,marginProp,1.5,mutationProp,0.25
Greedy,Pure Random,-5.20537E+18,32,5,true,true,1,73,54300,0.6,25.6,13.7541242,,,,,,,,,,,,,,,,
Ants,Pure Random,-5.20537E+18,32,5,true,false,3,124,7139444000,0.6,25.6,25.56306304,evaporationFactor,0.5,ants,50,roverSteps,20,alpha,1,beta,3,iterations,100,,,,
Genetic,Pure Random,-2.97035E+18,32,5,false,true,0,55,2526390300,0.6,12.8,10.83091395,eliteProp,0.1,mutateProb,0.05,generations,50,populationSize,100,planLength,15,selectionProp,0.25,marginProp,1.5,mutationProp,0.25
Greedy,Pure Random,-2.97035E+18,32,5,false,false,0,82,60300,0.6,12.8,12.56770222,,,,,,,,,,,,,,,,
Ants,Pure Random,-2.97035E+18,32,5,false,false,0,58,2686209400,0.6,12.8,12.60845727,evaporationFactor,0.5,ants,50,roverSteps,20,alpha,1,beta,3,iterations,100,,,,
Genetic,Pure Random,4.61901E+18,32,5,false,true,1,23,1919020900,0.6,6.4,5.044646664,eliteProp,0.1,mutateProb,0.05,generations,50,populationSize,100,planLength,15,selectionProp,0.25,marginProp,1.5,mutationProp,0.25
Greedy,Pure Random,4.61901E+18,32,5,false,false,0,41,18700,0.6,6.4,6.382474,,,,,,,,,,,,,,,,
Ants,Pure Random,4.61901E+18,32,5,false,false,1,26,1265796100,0.6,6.4,6.343226971,evaporationFactor,0.5,ants,50,roverSteps,20,alpha,1,beta,3,iterations,100,,,,
Genetic,Pure Random,4.81393E+18,32,3,true,true,3,209,5948441100,0,102.4,38.69184,eliteProp,0.1,mutateProb,0.05,generations,50,populationSize,100,planLength,15,selectionProp,0.25,marginProp,1.5,mutationProp,0.25
Greedy,Pure Random,4.81393E+18,32,3,true,true,2,439,375400,0,102.4,89.83664272,,,,,,,,,,,,,,,,
Ants,Pure Random,4.81393E+18,32,3,true,true,3,623,52960773500,0,102.4,96.91482768,evaporationFactor,0.5,ants,50,roverSteps,20,alpha,1,beta,3,iterations,100,,,,
Genetic,Pure Random,-8.88227E+18,32,3,true,true,3,97,3635857900,0,51.2,19.22740994,eliteProp,0.1,mutateProb,0.05,generations,50,populationSize,100,planLength,15,selectionProp,0.25,marginProp,1.5,mutationProp,0.25
Greedy,Pure Random,-8.88227E+18,32,3,true,true,3,163,141900,0,51.2,34.3513128,,,,,,,,,,,,,,,,
Ants,Pure Random,-8.88227E+18,32,3,true,true,3,115,14357852400,0,51.2,19.17996169,evaporationFactor,0.5,ants,50,roverSteps,20,alpha,1,beta,3,iterations,100,,,,
Genetic,Pure Random,5.02686E+18,32,3,true,true,3,87,3551697800,0,25.6,15.46816577,eliteProp,0.1,mutateProb,0.05,generations,50,populationSize,100,planLength,15,selectionProp,0.25,marginProp,1.5,mutationProp,0.25
Greedy,Pure Random,5.02686E+18,32,3,true,true,2,69,46600,0,25.6,13.87975924,,,,,,,,,,,,,,,,
Ants,Pure Random,5.02686E+18,32,3,true,true,3,133,10676452200,0,25.6,21.09379384,evaporationFactor,0.5,ants,50,roverSteps,20,alpha,1,beta,3,iterations,100,,,,
Genetic,Pure Random,-1.3806E+18,32,3,true,true,1,71,2552242900,0,12.8,11.80634578,eliteProp,0.1,mutateProb,0.05,generations,50,populationSize,100,planLength,15,selectionProp,0.25,marginProp,1.5,mutationProp,0.25
Greedy,Pure Random,-1.3806E+18,32,3,false,false,0,119,53800,0,12.8,12.66164508,,,,,,,,,,,,,,,,
Ants,Pure Random,-1.3806E+18,32,3,false,false,0,104,4253589400,0,12.8,12.78838266,evaporationFactor,0.5,ants,50,roverSteps,20,alpha,1,beta,3,iterations,100,,,,
Genetic,Pure Random,-4.7044E+18,32,3,false,true,1,39,2270339100,0,6.4,5.953322319,eliteProp,0.1,mutateProb,0.05,generations,50,populationSize,100,planLength,15,selectionProp,0.25,marginProp,1.5,mutationProp,0.25
Greedy,Pure Random,-4.7044E+18,32,3,false,false,0,35,14900,0,6.4,6.247049708,,,,,,,,,,,,,,,,
Ants,Pure Random,-4.7044E+18,32,3,false,false,1,46,2545287600,0,6.4,6.348817136,evaporationFactor,0.5,ants,50,roverSteps,20,alpha,1,beta,3,iterations,100,,,,
Genetic,Pure Random,-1.97886E+18,32,3,true,true,3,137,4928108200,0.1,102.4,28.5398773,eliteProp,0.1,mutateProb,0.05,generations,50,populationSize,100,planLength,15,selectionProp,0.25,marginProp,1.5,mutationProp,0.25
Greedy,Pure Random,-1.97886E+18,32,3,false,false,0,564,376500,0.1,102.4,102.2554711,,,,,,,,,,,,,,,,
Ants,Pure Random,-1.97886E+18,32,3,true,true,3,471,39143561500,0.1,102.4,82.56081896,evaporationFactor,0.5,ants,50,roverSteps,20,alpha,1,beta,3,iterations,100,,,,
Genetic,Pure Random,1.4209E+18,32,3,true,true,3,137,6968984400,0.1,51.2,28.5865128,eliteProp,0.1,mutateProb,0.05,generations,50,populationSize,100,planLength,15,selectionProp,0.25,marginProp,1.5,mutationProp,0.25
Greedy,Pure Random,1.4209E+18,32,3,true,true,3,163,106600,0.1,51.2,32.01279833,,,,,,,,,,,,,,,,
Ants,Pure Random,1.4209E+18,32,3,true,false,3,309,16954675800,0.1,51.2,51.19962456,evaporationFactor,0.5,ants,50,roverSteps,20,alpha,1,beta,3,iterations,100,,,,
Genetic,Pure Random,5.77369E+18,32,3,true,true,1,151,5826334500,0.1,25.6,25.39129009,eliteProp,0.1,mutateProb,0.05,generations,50,populationSize,100,planLength,15,selectionProp,0.25,marginProp,1.5,mutationProp,0.25
Greedy,Pure Random,5.77369E+18,32,3,false,false,0,149,106100,0.1,25.6,25.41097653,,,,,,,,,,,,,,,,
Ants,Pure Random,5.77369E+18,32,3,true,false,1,163,7736739900,0.1,25.6,25.34440728,evaporationFactor,0.5,ants,50,roverSteps,20,alpha,1,beta,3,iterations,100,,,,
Genetic,Pure Random,3.11417E+18,32,3,true,true,0,63,2251228800,0.1,12.8,11.64602499,eliteProp,0.1,mutateProb,0.05,generations,50,populationSize,100,planLength,15,selectionProp,0.25,marginProp,1.5,mutationProp,0.25
Greedy,Pure Random,3.11417E+18,32,3,false,false,0,72,31000,0.1,12.8,12.77304008,,,,,,,,,,,,,,,,
Ants,Pure Random,3.11417E+18,32,3,false,false,0,83,3741514300,0.1,12.8,12.74789326,evaporationFactor,0.5,ants,50,roverSteps,20,alpha,1,beta,3,iterations,100,,,,
Genetic,Pure Random,1.45344E+18,32,3,true,true,0,29,1198054200,0.1,6.4,5.631736276,eliteProp,0.1,mutateProb,0.05,generations,50,populationSize,100,planLength,15,selectionProp,0.25,marginProp,1.5,mutationProp,0.25
Greedy,Pure Random,1.45344E+18,32,3,false,false,0,50,20600,0.1,6.4,6.175328781,,,,,,,,,,,,,,,,
Ants,Pure Random,1.45344E+18,32,3,true,false,0,34,1491011300,0.1,6.4,6.366703741,evaporationFactor,0.5,ants,50,roverSteps,20,alpha,1,beta,3,iterations,100,,,,
Genetic,Pure Random,-3.02065E+18,32,3,true,true,3,103,4110788500,0.2,102.4,19.54853922,eliteProp,0.1,mutateProb,0.05,generations,50,populationSize,100,planLength,15,selectionProp,0.25,marginProp,1.5,mutationProp,0.25
Greedy,Pure Random,-3.02065E+18,32,3,true,false,2,661,372600,0.2,102.4,102.3368697,,,,,,,,,,,,,,,,
Ants,Pure Random,-3.02065E+18,32,3,true,true,3,239,13971840500,0.2,102.4,40.36014247,evaporationFactor,0.5,ants,50,roverSteps,20,alpha,1,beta,3,iterations,100,,,,
Genetic,Pure Random,-4.99046E+18,32,3,true,true,3,93,3167421000,0.2,51.2,19.80725727,eliteProp,0.1,mutateProb,0.05,generations,50,populationSize,100,planLength,15,selectionProp,0.25,marginProp,1.5,mutationProp,0.25
Greedy,Pure Random,-4.99046E+18,32,3,true,true,3,123,101100,0.2,51.2,26.81702594,,,,,,,,,,,,,,,,
Ants,Pure Random,-4.99046E+18,32,3,true,false,2,281,14774487000,0.2,51.2,51.15549498,evaporationFactor,0.5,ants,50,roverSteps,20,alpha,1,beta,3,iterations,100,,,,
Genetic,Pure Random,-2.15195E+18,32,3,true,true,1,97,2682614700,0.2,25.6,22.28946596,eliteProp,0.1,mutateProb,0.05,generations,50,populationSize,100,planLength,15,selectionProp,0.25,marginProp,1.5,mutationProp,0.25
Greedy,Pure Random,-2.15195E+18,32,3,false,false,0,198,105900,0.2,25.6,25.59679968,,,,,,,,,,,,,,,,
Ants,Pure Random,-2.15195E+18,32,3,true,false,1,147,8391500000,0.2,25.6,25.55871444,evaporationFactor,0.5,ants,50,roverSteps,20,alpha,1,beta,3,iterations,100,,,,
Genetic,Pure Random,-3.42829E+18,32,3,true,true,2,53,1940307200,0.2,12.8,10.12245725,eliteProp,0.1,mutateProb,0.05,generations,50,populationSize,100,planLength,15,selectionProp,0.25,marginProp,1.5,mutationProp,0.25
Greedy,Pure Random,-3.42829E+18,32,3,false,false,0,85,53500,0.2,12.8,12.59269608,,,,,,,,,,,,,,,,
Ants,Pure Random,-3.42829E+18,32,3,true,false,1,64,3437264500,0.2,12.8,12.50570187,evaporationFactor,0.5,ants,50,roverSteps,20,alpha,1,beta,3,iterations,100,,,,
Genetic,Pure Random,-5.3689E+18,32,3,false,true,0,25,775569500,0.2,6.4,5.581345637,eliteProp,0.1,mutateProb,0.05,generations,50,populationSize,100,planLength,15,selectionProp,0.25,marginProp,1.5,mutationProp,0.25
Greedy,Pure Random,-5.3689E+18,32,3,false,false,0,31,14200,0.2,6.4,6.295708353,,,,,,,,,,,,,,,,
Ants,Pure Random,-5.3689E+18,32,3,false,false,0,45,1864371000,0.2,6.4,6.30224915,evaporationFactor,0.5,ants,50,roverSteps,20,alpha,1,beta,3,iterations,100,,,,
Genetic,Pure Random,-7.06687E+18,32,3,true,true,3,121,4044231700,0.3,102.4,27.9913075,eliteProp,0.1,mutateProb,0.05,generations,50,populationSize,100,planLength,15,selectionProp,0.25,marginProp,1.5,mutationProp,0.25
Greedy,Pure Random,-7.06687E+18,32,3,false,false,0,509,298400,0.3,102.4,102.377063,,,,,,,,,,,,,,,,
Ants,Pure Random,-7.06687E+18,32,3,true,true,3,259,25049250500,0.3,102.4,51.98115737,evaporationFactor,0.5,ants,50,roverSteps,20,alpha,1,beta,3,iterations,100,,,,
Genetic,Pure Random,6.70784E+18,32,3,true,true,3,71,4136659400,0.3,51.2,13.98191851,eliteProp,0.1,mutateProb,0.05,generations,50,populationSize,100,planLength,15,selectionProp,0.25,marginProp,1.5,mutationProp,0.25
Greedy,Pure Random,6.70784E+18,32,3,true,true,1,31,41900,0.3,51.2,5.551704985,,,,,,,,,,,,,,,,
Ants,Pure Random,6.70784E+18,32,3,true,true,3,129,12238995400,0.3,51.2,25.09306864,evaporationFactor,0.5,ants,50,roverSteps,20,alpha,1,beta,3,iterations,100,,,,
Genetic,Pure Random,7.04824E+18,32,3,true,true,3,97,4407262700,0.3,25.6,19.47312202,eliteProp,0.1,mutateProb,0.05,generations,50,populationSize,100,planLength,15,selectionProp,0.25,marginProp,1.5,mutationProp,0.25
Greedy,Pure Random,7.04824E+18,32,3,true,true,1,71,50100,0.3,25.6,12.782211,,,,,,,,,,,,,,,,
Ants,Pure Random,7.04824E+18,32,3,true,false,1,147,7430341000,0.3,25.6,25.37881254,evaporationFactor,0.5,ants,50,roverSteps,20,alpha,1,beta,3,iterations,100,,,,
Genetic,Pure Random,6.55565E+18,32,3,true,true,2,59,2257600600,0.3,12.8,12.11583682,eliteProp,0.1,mutateProb,0.05,generations,50,populationSize,100,planLength,15,selectionProp,0.25,marginProp,1.5,mutationProp,0.25
Greedy,Pure Random,6.55565E+18,32,3,false,false,0,60,23600,0.3,12.8,12.73495734,,,,,,,,,,,,,,,,
Ants,Pure Random,6.55565E+18,32,3,true,false,1,58,2797070800,0.3,12.8,12.72443419,evaporationFactor,0.5,ants,50,roverSteps,20,alpha,1,beta,3,iterations,100,,,,
Genetic,Pure Random,-6.86499E+18,32,3,false,true,0,23,753980100,0.3,6.4,5.589045191,eliteProp,0.1,mutateProb,0.05,generations,50,populationSize,100,planLength,15,selectionProp,0.25,marginProp,1.5,mutationProp,0.25
Greedy,Pure Random,-6.86499E+18,32,3,false,false,0,50,23200,0.3,6.4,6.371200883,,,,,,,,,,,,,,,,
Ants,Pure Random,-6.86499E+18,32,3,false,false,0,33,1538499600,0.3,6.4,6.334525286,evaporationFactor,0.5,ants,50,roverSteps,20,alpha,1,beta,3,iterations,100,,,,
Genetic,Pure Random,6.11938E+18,32,3,true,true,3,131,3822649600,0.4,102.4,30.99865844,eliteProp,0.1,mutateProb,0.05,generations,50,populationSize,100,planLength,15,selectionProp,0.25,marginProp,1.5,mutationProp,0.25
Greedy,Pure Random,6.11938E+18,32,3,true,true,3,111,76200,0.4,102.4,23.13150807,,,,,,,,,,,,,,,,
Ants,Pure Random,6.11938E+18,32,3,true,true,3,299,22913558300,0.4,102.4,62.44656417,evaporationFactor,0.5,ants,50,roverSteps,20,alpha,1,beta,3,iterations,100,,,,
Genetic,Pure Random,-3.56449E+18,32,3,true,true,3,115,3631672600,0.4,51.2,24.77492781,eliteProp,0.1,mutateProb,0.05,generations,50,populationSize,100,planLength,15,selectionProp,0.25,marginProp,1.5,mutationProp,0.25
Greedy,Pure Random,-3.56449E+18,32,3,true,true,1,201,526100,0.4,51.2,38.61835154,,,,,,,,,,,,,,,,
Ants,Pure Random,-3.56449E+18,32,3,true,false,2,254,14256621900,0.4,51.2,51.13613618,evaporationFactor,0.5,ants,50,roverSteps,20,alpha,1,beta,3,iterations,100,,,,
Genetic,Pure Random,-8.60543E+18,32,3,true,false,1,132,4218117800,0.4,25.6,25.13776314,eliteProp,0.1,mutateProb,0.05,generations,50,populationSize,100,planLength,15,selectionProp,0.25,marginProp,1.5,mutationProp,0.25
Greedy,Pure Random,-8.60543E+18,32,3,false,false,0,144,78100,0.4,25.6,25.55315051,,,,,,,,,,,,,,,,
Ants,Pure Random,-8.60543E+18,32,3,true,false,1,134,6222739800,0.4,25.6,25.42602231,evaporationFactor,0.5,ants,50,roverSteps,20,alpha,1,beta,3,iterations,100,,,,
Genetic,Pure Random,-4.65071E+18,32,3,true,true,1,53,2659540200,0.4,12.8,11.69501722,eliteProp,0.1,mutateProb,0.05,generations,50,populationSize,100,planLength,15,selectionProp,0.25,marginProp,1.5,mutationProp,0.25
Greedy,Pure Random,-4.65071E+18,32,3,false,false,0,87,43600,0.4,12.8,12.46517201,,,,,,,,,,,,,,,,
Ants,Pure Random,-4.65071E+18,32,3,true,false,1,70,3546248300,0.4,12.8,12.70787915,evaporationFactor,0.5,ants,50,roverSteps,20,alpha,1,beta,3,iterations,100,,,,
Genetic,Pure Random,-4.49971E+18,32,3,false,true,0,25,764059400,0.4,6.4,5.108351536,eliteProp,0.1,mutateProb,0.05,generations,50,populationSize,100,planLength,15,selectionProp,0.25,marginProp,1.5,mutationProp,0.25
Greedy,Pure Random,-4.49971E+18,32,3,false,false,0,38,19000,0.4,6.4,6.233078319,,,,,,,,,,,,,,,,
Ants,Pure Random,-4.49971E+18,32,3,false,false,0,25,1290011400,0.4,6.4,6.232757106,evaporationFactor,0.5,ants,50,roverSteps,20,alpha,1,beta,3,iterations,100,,,,
Genetic,Pure Random,-8.46065E+18,32,3,true,true,3,145,5784759500,0.5,102.4,31.22184565,eliteProp,0.1,mutateProb,0.05,generations,50,populationSize,100,planLength,15,selectionProp,0.25,marginProp,1.5,mutationProp,0.25
Greedy,Pure Random,-8.46065E+18,32,3,false,false,0,744,411600,0.5,102.4,102.1586184,,,,,,,,,,,,,,,,
Ants,Pure Random,-8.46065E+18,32,3,true,true,3,341,24084477700,0.5,102.4,73.37854708,evaporationFactor,0.5,ants,50,roverSteps,20,alpha,1,beta,3,iterations,100,,,,
Genetic,Pure Random,9.07526E+18,32,3,true,true,3,97,3411911200,0.5,51.2,20.92385149,eliteProp,0.1,mutateProb,0.05,generations,50,populationSize,100,planLength,15,selectionProp,0.25,marginProp,1.5,mutationProp,0.25
Greedy,Pure Random,9.07526E+18,32,3,false,false,0,294,159800,0.5,51.2,51.1129871,,,,,,,,,,,,,,,,
Ants,Pure Random,9.07526E+18,32,3,true,false,2,261,15581328100,0.5,51.2,51.0413241,evaporationFactor,0.5,ants,50,roverSteps,20,alpha,1,beta,3,iterations,100,,,,
Genetic,Pure Random,-2.4125E+18,32,3,true,true,1,105,3167272900,0.5,25.6,24.69572057,eliteProp,0.1,mutateProb,0.05,generations,50,populationSize,100,planLength,15,selectionProp,0.25,marginProp,1.5,mutationProp,0.25
Greedy,Pure Random,-2.4125E+18,32,3,true,false,0,212,114600,0.5,25.6,25.55632586,,,,,,,,,,,,,,,,
Ants,Pure Random,-2.4125E+18,32,3,false,false,0,131,5431158800,0.5,25.6,25.3701471,evaporationFactor,0.5,ants,50,roverSteps,20,alpha,1,beta,3,iterations,100,,,,
Genetic,Pure Random,2.37124E+18,32,3,true,false,0,54,1948517700,0.5,12.8,12.36190837,eliteProp,0.1,mutateProb,0.05,generations,50,populationSize,100,planLength,15,selectionProp,0.25,marginProp,1.5,mutationProp,0.25
Greedy,Pure Random,2.37124E+18,32,3,true,false,0,64,25600,0.5,12.8,12.78507894,,,,,,,,,,,,,,,,
Ants,Pure Random,2.37124E+18,32,3,true,false,0,61,2771521900,0.5,12.8,12.77139068,evaporationFactor,0.5,ants,50,roverSteps,20,alpha,1,beta,3,iterations,100,,,,
Genetic,Pure Random,1.3393E+18,32,3,false,true,0,33,1501168500,0.5,6.4,6.338170507,eliteProp,0.1,mutateProb,0.05,generations,50,populationSize,100,planLength,15,selectionProp,0.25,marginProp,1.5,mutationProp,0.25
Greedy,Pure Random,1.3393E+18,32,3,false,false,0,41,18900,0.5,6.4,6.274438206,,,,,,,,,,,,,,,,
Ants,Pure Random,1.3393E+18,32,3,false,false,1,34,1679306500,0.5,6.4,6.368497415,evaporationFactor,0.5,ants,50,roverSteps,20,alpha,1,beta,3,iterations,100,,,,
Genetic,Pure Random,1.70895E+18,32,3,true,true,3,113,3404519300,0.6,102.4,24.17052168,eliteProp,0.1,mutateProb,0.05,generations,50,populationSize,100,planLength,15,selectionProp,0.25,marginProp,1.5,mutationProp,0.25
Greedy,Pure Random,1.70895E+18,32,3,true,true,3,237,216100,0.6,102.4,46.4487381,,,,,,,,,,,,,,,,
Ants,Pure Random,1.70895E+18,32,3,true,true,3,419,29430341200,0.6,102.4,85.13215847,evaporationFactor,0.5,ants,50,roverSteps,20,alpha,1,beta,3,iterations,100,,,,
Genetic,Pure Random,5.92414E+18,32,3,true,true,1,235,6726809200,0.6,51.2,49.7153967,eliteProp,0.1,mutateProb,0.05,generations,50,populationSize,100,planLength,15,selectionProp,0.25,marginProp,1.5,mutationProp,0.25
Greedy,Pure Random,5.92414E+18,32,3,true,false,0,254,204400,0.6,51.2,51.19130765,,,,,,,,,,,,,,,,
Ants,Pure Random,5.92414E+18,32,3,true,true,3,213,13392900400,0.6,51.2,43.03586924,evaporationFactor,0.5,ants,50,roverSteps,20,alpha,1,beta,3,iterations,100,,,,
Genetic,Pure Random,-2.46366E+18,32,3,true,true,2,105,4225614300,0.6,25.6,22.88659005,eliteProp,0.1,mutateProb,0.05,generations,50,populationSize,100,planLength,15,selectionProp,0.25,marginProp,1.5,mutationProp,0.25
Greedy,Pure Random,-2.46366E+18,32,3,false,false,0,111,83400,0.6,25.6,25.55421245,,,,,,,,,,,,,,,,
Ants,Pure Random,-2.46366E+18,32,3,true,false,1,121,5415085900,0.6,25.6,25.45033206,evaporationFactor,0.5,ants,50,roverSteps,20,alpha,1,beta,3,iterations,100,,,,
Genetic,Pure Random,4.17233E+18,32,3,true,true,0,43,1561658600,0.6,12.8,9.525698383,eliteProp,0.1,mutateProb,0.05,generations,50,populationSize,100,planLength,15,selectionProp,0.25,marginProp,1.5,mutationProp,0.25
Greedy,Pure Random,4.17233E+18,32,3,false,false,0,93,35700,0.6,12.8,12.6360728,,,,,,,,,,,,,,,,
Ants,Pure Random,4.17233E+18,32,3,true,false,0,55,2558137800,0.6,12.8,12.68305532,evaporationFactor,0.5,ants,50,roverSteps,20,alpha,1,beta,3,iterations,100,,,,
Genetic,Pure Random,-1.25468E+18,32,3,false,true,0,23,753735400,0.6,6.4,5.283044798,eliteProp,0.1,mutateProb,0.05,generations,50,populationSize,100,planLength,15,selectionProp,0.25,marginProp,1.5,mutationProp,0.25
Greedy,Pure Random,-1.25468E+18,32,3,false,false,0,26,12900,0.6,6.4,5.992201376,,,,,,,,,,,,,,,,
Ants,Pure Random,-1.25468E+18,32,3,true,false,0,27,1269513000,0.6,6.4,6.368689667,evaporationFactor,0.5,ants,50,roverSteps,20,alpha,1,beta,3,iterations,100,,,,
