"algorithmName","terrainType","randomSeed","boardSize","numObjects","collectedDamon","returnedHome","objectsCollected","stepsTaken","runtime","estimationNoise","startingBattery","usedBattery"
"Genetic","Pure Random",-1228433569170550218,48,5,true,true,5,129,24052694100,0.0,230.4,26.532361081686332,"eliteProp",0.1,"mutateProb",0.05,"generations",50,"populationSize",100,"planLength",15,"selectionProp",0.25,"marginProp",1.5,"mutationProp",0.25
"Greedy","Pure Random",-1228433569170550218,48,5,true,true,1,1317,4441200,0.0,230.4,211.94553094268494
"Ants","Pure Random",-1228433569170550218,48,5,true,true,5,509,62316816300,0.0,230.4,81.3175926421606,"evaporationFactor",0.5,"ants",50.0,"roverSteps",20,"alpha",1.0,"beta",3.0,"iterations",100
"Genetic","Pure Random",-7354637460186993039,48,5,true,true,5,199,17378209300,0.0,115.2,40.38395775263997,"eliteProp",0.1,"mutateProb",0.05,"generations",50,"populationSize",100,"planLength",15,"selectionProp",0.25,"marginProp",1.5,"mutationProp",0.25
"Greedy","Pure Random",-7354637460186993039,48,5,true,true,4,539,687900,0.0,115.2,97.27372691434252
"Ants","Pure Random",-7354637460186993039,48,5,true,true,5,655,67081457000,0.0,115.2,101.37145304948885,"evaporationFactor",0.5,"ants",50.0,"roverSteps",20,"alpha",1.0,"beta",3.0,"iterations",100
"Genetic","Pure Random",-7702524249607497235,48,5,true,true,4,297,25706996400,0.0,57.6,57.074387562793746,"eliteProp",0.1,"mutateProb",0.05,"generations",50,"populationSize",100,"planLength",15,"selectionProp",0.25,"marginProp",1.5,"mutationProp",0.25
"Greedy","Pure Random",-7702524249607497235,48,5,true,true,3,223,368400,0.0,57.6,39.76544907467123
"Ants","Pure Random",-7702524249607497235,48,5,true,false,1,379,41836351300,0.0,57.6,57.44915935008586,"evaporationFactor",0.5,"ants",50.0,"roverSteps",20,"alpha",1.0,"beta",3.0,"iterations",100
"Genetic","Pure Random",2083387408394881556,48,5,true,true,2,167,22179484000,0.0,28.8,28.408697958582614,"eliteProp",0.1,"mutateProb",0.05,"generations",50,"populationSize",100,"planLength",15,"selectionProp",0.25,"marginProp",1.5,"mutationProp",0.25
"Greedy","Pure Random",2083387408394881556,48,5,false,false,0,227,463300,0.0,28.8,28.651299342821964
"Ants","Pure Random",2083387408394881556,48,5,true,false,2,195,14855744800,0.0,28.8,28.771619905246023,"evaporationFactor",0.5,"ants",50.0,"roverSteps",20,"alpha",1.0,"beta",3.0,"iterations",100
"Genetic","Pure Random",5213317259453384893,48,5,false,true,1,61,6531213800,0.0,14.4,11.714664486906015,"eliteProp",0.1,"mutateProb",0.05,"generations",50,"populationSize",100,"planLength",15,"selectionProp",0.25,"marginProp",1.5,"mutationProp",0.25
"Greedy","Pure Random",5213317259453384893,48,5,false,false,0,89,76200,0.0,14.4,14.263597363301967
"Ants","Pure Random",5213317259453384893,48,5,true,false,1,120,10670572200,0.0,14.4,14.399196819011078,"evaporationFactor",0.5,"ants",50.0,"roverSteps",20,"alpha",1.0,"beta",3.0,"iterations",100
"Genetic","Pure Random",-7793659241360496657,48,5,true,true,5,239,28464959900,0.1,230.4,44.419938600007384,"eliteProp",0.1,"mutateProb",0.05,"generations",50,"populationSize",100,"planLength",15,"selectionProp",0.25,"marginProp",1.5,"mutationProp",0.25
"Greedy","Pure Random",-7793659241360496657,48,5,true,true,2,189,249000,0.1,230.4,31.31255029640414
"Ants","Pure Random",-7793659241360496657,48,5,true,true,5,689,98715566400,0.1,230.4,119.45949907665678,"evaporationFactor",0.5,"ants",50.0,"roverSteps",20,"alpha",1.0,"beta",3.0,"iterations",100
"Genetic","Pure Random",-335532898976610865,48,5,true,true,5,289,29332887000,0.1,115.2,56.93473633748363,"eliteProp",0.1,"mutateProb",0.05,"generations",50,"populationSize",100,"planLength",15,"selectionProp",0.25,"marginProp",1.5,"mutationProp",0.25
"Greedy","Pure Random",-335532898976610865,48,5,true,true,1,193,285600,0.1,115.2,39.9881716118045
"Ants","Pure Random",-335532898976610865,48,5,true,false,5,717,78109149900,0.1,115.2,115.04949597448417,"evaporationFactor",0.5,"ants",50.0,"roverSteps",20,"alpha",1.0,"beta",3.0,"iterations",100
"Genetic","Pure Random",-5881088230192504391,48,5,true,true,4,307,32815750400,0.1,57.6,56.83043494126866,"eliteProp",0.1,"mutateProb",0.05,"generations",50,"populationSize",100,"planLength",15,"selectionProp",0.25,"marginProp",1.5,"mutationProp",0.25
"Greedy","Pure Random",-5881088230192504391,48,5,true,true,1,157,183000,0.1,57.6,37.012187748332195
"Ants","Pure Random",-5881088230192504391,48,5,true,false,2,320,35463353500,0.1,57.6,57.57016049622148,"evaporationFactor",0.5,"ants",50.0,"roverSteps",20,"alpha",1.0,"beta",3.0,"iterations",100
"Genetic","Pure Random",3987974033042980557,48,5,true,true,3,163,16531259100,0.1,28.8,27.602246334596494,"eliteProp",0.1,"mutateProb",0.05,"generations",50,"populationSize",100,"planLength",15,"selectionProp",0.25,"marginProp",1.5,"mutationProp",0.25
"Greedy","Pure Random",3987974033042980557,48,5,true,false,0,324,350300,0.1,28.8,28.744539639698775
"Ants","Pure Random",3987974033042980557,48,5,true,false,2,174,19184734900,0.1,28.8,28.772545941006253,"evaporationFactor",0.5,"ants",50.0,"roverSteps",20,"alpha",1.0,"beta",3.0,"iterations",100
"Genetic","Pure Random",8162177097910328700,48,5,true,false,2,84,11626368500,0.1,14.4,14.129269402664884,"eliteProp",0.1,"mutateProb",0.05,"generations",50,"populationSize",100,"planLength",15,"selectionProp",0.25,"marginProp",1.5,"mutationProp",0.25
"Greedy","Pure Random",8162177097910328700,48,5,false,false,0,147,139900,0.1,14.4,14.376745339072691
"Ants","Pure Random",8162177097910328700,48,5,true,false,1,97,12111624900,0.1,14.4,14.296752375390668,"evaporationFactor",0.5,"ants",50.0,"roverSteps",20,"alpha",1.0,"beta",3.0,"iterations",100
"Genetic","Pure Random",-5430501255654439720,48,5,true,true,5,313,49595887300,0.2,230.4,62.31049710563374,"eliteProp",0.1,"mutateProb",0.05,"generations",50,"populationSize",100,"planLength",15,"selectionProp",0.25,"marginProp",1.5,"mutationProp",0.25
"Greedy","Pure Random",-5430501255654439720,48,5,true,true,5,313,336600,0.2,230.4,60.149290542847496
"Ants","Pure Random",-5430501255654439720,48,5,true,true,5,1101,133113515200,0.2,230.4,199.85693040046962,"evaporationFactor",0.5,"ants",50.0,"roverSteps",20,"alpha",1.0,"beta",3.0,"iterations",100
"Genetic","Pure Random",63458436393104815,48,5,true,true,5,243,24981725800,0.2,115.2,49.646542163569436,"eliteProp",0.1,"mutateProb",0.05,"generations",50,"populationSize",100,"planLength",15,"selectionProp",0.25,"marginProp",1.5,"mutationProp",0.25
"Greedy","Pure Random",63458436393104815,48,5,true,true,5,265,259100,0.2,115.2,51.93722777881384
"Ants","Pure Random",63458436393104815,48,5,true,false,3,627,64793330200,0.2,115.2,115.1520360231194,"evaporationFactor",0.5,"ants",50.0,"roverSteps",20,"alpha",1.0,"beta",3.0,"iterations",100
"Genetic","Pure Random",-1931368811975637825,48,5,true,true,5,229,36145768800,0.2,57.6,49.3297335510848,"eliteProp",0.1,"mutateProb",0.05,"generations",50,"populationSize",100,"planLength",15,"selectionProp",0.25,"marginProp",1.5,"mutationProp",0.25
"Greedy","Pure Random",-1931368811975637825,48,5,true,true,2,201,201800,0.2,57.6,39.11287199062559
"Ants","Pure Random",-1931368811975637825,48,5,true,false,1,322,37828112900,0.2,57.6,57.50683947396557,"evaporationFactor",0.5,"ants",50.0,"roverSteps",20,"alpha",1.0,"beta",3.0,"iterations",100
"Genetic","Pure Random",2232382844828896899,48,5,true,true,2,141,22938340100,0.2,28.8,27.59782974503007,"eliteProp",0.1,"mutateProb",0.05,"generations",50,"populationSize",100,"planLength",15,"selectionProp",0.25,"marginProp",1.5,"mutationProp",0.25
"Greedy","Pure Random",2232382844828896899,48,5,false,true,0,227,629700,0.2,28.8,28.766604087121756
"Ants","Pure Random",2232382844828896899,48,5,true,false,3,149,21611214900,0.2,28.8,28.6870746115832,"evaporationFactor",0.5,"ants",50.0,"roverSteps",20,"alpha",1.0,"beta",3.0,"iterations",100
"Genetic","Pure Random",-3564615156770861460,48,5,false,true,0,59,9387517800,0.2,14.4,12.692279466055208,"eliteProp",0.1,"mutateProb",0.05,"generations",50,"populationSize",100,"planLength",15,"selectionProp",0.25,"marginProp",1.5,"mutationProp",0.25
"Greedy","Pure Random",-3564615156770861460,48,5,false,false,0,74,74300,0.2,14.4,14.355885308149562
"Ants","Pure Random",-3564615156770861460,48,5,true,false,0,79,6685318400,0.2,14.4,14.319960415635798,"evaporationFactor",0.5,"ants",50.0,"roverSteps",20,"alpha",1.0,"beta",3.0,"iterations",100
"Genetic","Pure Random",-9126126279660721027,48,5,true,true,5,281,26537779900,0.3,230.4,59.68275612466965,"eliteProp",0.1,"mutateProb",0.05,"generations",50,"populationSize",100,"planLength",15,"selectionProp",0.25,"marginProp",1.5,"mutationProp",0.25
"Greedy","Pure Random",-9126126279660721027,48,5,true,true,5,347,353100,0.3,230.4,62.50313760326017
"Ants","Pure Random",-9126126279660721027,48,5,true,true,5,913,108765665200,0.3,230.4,178.49862337791956,"evaporationFactor",0.5,"ants",50.0,"roverSteps",20,"alpha",1.0,"beta",3.0,"iterations",100
"Genetic","Pure Random",-8890897103342887007,48,5,true,true,5,249,27329904700,0.3,115.2,57.48563159508711,"eliteProp",0.1,"mutateProb",0.05,"generations",50,"populationSize",100,"planLength",15,"selectionProp",0.25,"marginProp",1.5,"mutationProp",0.25
"Greedy","Pure Random",-8890897103342887007,48,5,true,true,5,253,192200,0.3,115.2,47.72320317897395
"Ants","Pure Random",-8890897103342887007,48,5,true,true,5,531,61482552500,0.3,115.2,101.72137980787555,"evaporationFactor",0.5,"ants",50.0,"roverSteps",20,"alpha",1.0,"beta",3.0,"iterations",100
"Genetic","Pure Random",5992481128515117124,48,5,true,true,4,267,28912972000,0.3,57.6,56.116077346286374,"eliteProp",0.1,"mutateProb",0.05,"generations",50,"populationSize",100,"planLength",15,"selectionProp",0.25,"marginProp",1.5,"mutationProp",0.25
"Greedy","Pure Random",5992481128515117124,48,5,true,true,3,229,209700,0.3,57.6,40.66667098503157
"Ants","Pure Random",5992481128515117124,48,5,true,false,3,300,35170173400,0.3,57.6,57.133476777410976,"evaporationFactor",0.5,"ants",50.0,"roverSteps",20,"alpha",1.0,"beta",3.0,"iterations",100
"Genetic","Pure Random",-282080792037579292,48,5,true,true,0,129,12367009900,0.3,28.8,27.441793736738305,"eliteProp",0.1,"mutateProb",0.05,"generations",50,"populationSize",100,"planLength",15,"selectionProp",0.25,"marginProp",1.5,"mutationProp",0.25
"Greedy","Pure Random",-282080792037579292,48,5,false,false,0,346,137900,0.3,28.8,28.778189040907066
"Ants","Pure Random",-282080792037579292,48,5,true,false,1,212,14777318300,0.3,28.8,28.766589046665594,"evaporationFactor",0.5,"ants",50.0,"roverSteps",20,"alpha",1.0,"beta",3.0,"iterations",100
"Genetic","Pure Random",-6171596085333173316,48,5,false,true,0,65,6336982000,0.3,14.4,13.86434580916449,"eliteProp",0.1,"mutateProb",0.05,"generations",50,"populationSize",100,"planLength",15,"selectionProp",0.25,"marginProp",1.5,"mutationProp",0.25
"Greedy","Pure Random",-6171596085333173316,48,5,false,false,0,51,21400,0.3,14.4,14.332981818249992
"Ants","Pure Random",-6171596085333173316,48,5,false,false,0,61,5356823900,0.3,14.4,14.355084965013562,"evaporationFactor",0.5,"ants",50.0,"roverSteps",20,"alpha",1.0,"beta",3.0,"iterations",100
"Genetic","Pure Random",-1325123607490696264,48,5,true,true,5,609,60869973600,0.4,230.4,128.25058251117818,"eliteProp",0.1,"mutateProb",0.05,"generations",50,"populationSize",100,"planLength",15,"selectionProp",0.25,"marginProp",1.5,"mutationProp",0.25
"Greedy","Pure Random",-1325123607490696264,48,5,true,true,1,1059,647000,0.4,230.4,213.1647181541532
"Ants","Pure Random",-1325123607490696264,48,5,true,false,4,1177,138713836400,0.4,230.4,230.29503246293768,"evaporationFactor",0.5,"ants",50.0,"roverSteps",20,"alpha",1.0,"beta",3.0,"iterations",100
"Genetic","Pure Random",-4146217304635014062,48,5,true,true,5,197,19489192000,0.4,115.2,44.05691903938076,"eliteProp",0.1,"mutateProb",0.05,"generations",50,"populationSize",100,"planLength",15,"selectionProp",0.25,"marginProp",1.5,"mutationProp",0.25
"Greedy","Pure Random",-4146217304635014062,48,5,false,false,0,820,927100,0.4,115.2,115.14764434204076
"Ants","Pure Random",-4146217304635014062,48,5,true,true,5,603,70789230000,0.4,115.2,112.56097709047785,"evaporationFactor",0.5,"ants",50.0,"roverSteps",20,"alpha",1.0,"beta",3.0,"iterations",100
"Genetic","Pure Random",2005421600416670989,48,5,true,true,4,249,22964656100,0.4,57.6,55.83084940659703,"eliteProp",0.1,"mutateProb",0.05,"generations",50,"populationSize",100,"planLength",15,"selectionProp",0.25,"marginProp",1.5,"mutationProp",0.25
"Greedy","Pure Random",2005421600416670989,48,5,true,true,0,193,182400,0.4,57.6,40.33838895967857
"Ants","Pure Random",2005421600416670989,48,5,true,false,2,264,25792393400,0.4,57.6,57.52152247246634,"evaporationFactor",0.5,"ants",50.0,"roverSteps",20,"alpha",1.0,"beta",3.0,"iterations",100
"Genetic","Pure Random",4485114272801904281,48,5,true,true,0,121,13011070000,0.4,28.8,26.90331689593021,"eliteProp",0.1,"mutateProb",0.05,"generations",50,"populationSize",100,"planLength",15,"selectionProp",0.25,"marginProp",1.5,"mutationProp",0.25
"Greedy","Pure Random",4485114272801904281,48,5,false,false,0,143,70200,0.4,28.8,28.59298510337233
"Ants","Pure Random",4485114272801904281,48,5,true,false,0,130,10803169200,0.4,28.8,28.65846331187089,"evaporationFactor",0.5,"ants",50.0,"roverSteps",20,"alpha",1.0,"beta",3.0,"iterations",100
"Genetic","Pure Random",8132765577525317368,48,5,false,true,0,61,5470509000,0.4,14.4,13.25303675262892,"eliteProp",0.1,"mutateProb",0.05,"generations",50,"populationSize",100,"planLength",15,"selectionProp",0.25,"marginProp",1.5,"mutationProp",0.25
"Greedy","Pure Random",8132765577525317368,48,5,false,false,0,184,71600,0.4,14.4,14.3460500438242
"Ants","Pure Random",8132765577525317368,48,5,false,false,0,72,4892446900,0.4,14.4,14.277605936266104,"evaporationFactor",0.5,"ants",50.0,"roverSteps",20,"alpha",1.0,"beta",3.0,"iterations",100
"Genetic","Pure Random",2788102674210582294,48,5,true,true,5,249,21997545400,0.5,230.4,59.501933854425005,"eliteProp",0.1,"mutateProb",0.05,"generations",50,"populationSize",100,"planLength",15,"selectionProp",0.25,"marginProp",1.5,"mutationProp",0.25
"Greedy","Pure Random",2788102674210582294,48,5,false,false,0,1236,1952300,0.5,230.4,230.15324305355335
"Ants","Pure Random",2788102674210582294,48,5,true,true,5,869,129674080500,0.5,230.4,185.14085361937137,"evaporationFactor",0.5,"ants",50.0,"roverSteps",20,"alpha",1.0,"beta",3.0,"iterations",100
"Genetic","Pure Random",6060474221147969190,48,5,true,true,5,253,35722934900,0.5,115.2,58.573363849155335,"eliteProp",0.1,"mutateProb",0.05,"generations",50,"populationSize",100,"planLength",15,"selectionProp",0.25,"marginProp",1.5,"mutationProp",0.25
"Greedy","Pure Random",6060474221147969190,48,5,true,true,4,553,429300,0.5,115.2,92.53672714842705
"Ants","Pure Random",6060474221147969190,48,5,true,true,5,461,51013917300,0.5,115.2,97.19501782205198,"evaporationFactor",0.5,"ants",50.0,"roverSteps",20,"alpha",1.0,"beta",3.0,"iterations",100
"Genetic","Pure Random",-1197789177610154921,48,5,true,true,4,281,23476155600,0.5,57.6,55.932954695561655,"eliteProp",0.1,"mutateProb",0.05,"generations",50,"populationSize",100,"planLength",15,"selectionProp",0.25,"marginProp",1.5,"mutationProp",0.25
"Greedy","Pure Random",-1197789177610154921,48,5,true,true,5,211,237300,0.5,57.6,38.66179104085224
"Ants","Pure Random",-1197789177610154921,48,5,true,false,2,268,21597066700,0.5,57.6,57.434595601065915,"evaporationFactor",0.5,"ants",50.0,"roverSteps",20,"alpha",1.0,"beta",3.0,"iterations",100
"Genetic","Pure Random",965258167492590478,48,5,true,true,1,109,9408407100,0.5,28.8,26.37890633044919,"eliteProp",0.1,"mutateProb",0.05,"generations",50,"populationSize",100,"planLength",15,"selectionProp",0.25,"marginProp",1.5,"mutationProp",0.25
"Greedy","Pure Random",965258167492590478,48,5,true,false,0,203,102900,0.5,28.8,28.701838106654932
"Ants","Pure Random",965258167492590478,48,5,true,false,3,138,11238684500,0.5,28.8,28.758506636888402,"evaporationFactor",0.5,"ants",50.0,"roverSteps",20,"alpha",1.0,"beta",3.0,"iterations",100
"Genetic","Pure Random",-8685069201851457974,48,5,false,true,0,47,5765338900,0.5,14.4,10.923750991595742,"eliteProp",0.1,"mutateProb",0.05,"generations",50,"populationSize",100,"planLength",15,"selectionProp",0.25,"marginProp",1.5,"mutationProp",0.25
"Greedy","Pure Random",-8685069201851457974,48,5,false,false,0,91,36600,0.5,14.4,14.229923006033319
"Ants","Pure Random",-8685069201851457974,48,5,true,false,0,75,5170673600,0.5,14.4,14.269403579738142,"evaporationFactor",0.5,"ants",50.0,"roverSteps",20,"alpha",1.0,"beta",3.0,"iterations",100
"Genetic","Pure Random",-8379432790136577818,48,5,true,true,5,261,24046021700,0.6,230.4,56.30562580140855,"eliteProp",0.1,"mutateProb",0.05,"generations",50,"populationSize",100,"planLength",15,"selectionProp",0.25,"marginProp",1.5,"mutationProp",0.25
"Greedy","Pure Random",-8379432790136577818,48,5,true,true,5,369,574500,0.6,230.4,66.22458173961576
"Ants","Pure Random",-8379432790136577818,48,5,true,true,5,851,107780915500,0.6,230.4,173.78492763987916,"evaporationFactor",0.5,"ants",50.0,"roverSteps",20,"alpha",1.0,"beta",3.0,"iterations",100
"Genetic","Pure Random",1916055671287658187,48,5,true,true,5,299,42803650300,0.6,115.2,64.33141292025024,"eliteProp",0.1,"mutateProb",0.05,"generations",50,"populationSize",100,"planLength",15,"selectionProp",0.25,"marginProp",1.5,"mutationProp",0.25
"Greedy","Pure Random",1916055671287658187,48,5,false,false,0,594,478600,0.6,115.2,115.15812177872483
"Ants","Pure Random",1916055671287658187,48,5,true,true,5,481,51276500300,0.6,115.2,102.48138261730179,"evaporationFactor",0.5,"ants",50.0,"roverSteps",20,"alpha",1.0,"beta",3.0,"iterations",100
"Genetic","Pure Random",-315613971625606569,48,5,true,true,4,249,21588066400,0.6,57.6,56.110896764718696,"eliteProp",0.1,"mutateProb",0.05,"generations",50,"populationSize",100,"planLength",15,"selectionProp",0.25,"marginProp",1.5,"mutationProp",0.25
"Greedy","Pure Random",-315613971625606569,48,5,true,true,4,217,191000,0.6,57.6,38.37850185576764
"Ants","Pure Random",-315613971625606569,48,5,true,false,3,267,22865701000,0.6,57.6,57.57216558983776,"evaporationFactor",0.5,"ants",50.0,"roverSteps",20,"alpha",1.0,"beta",3.0,"iterations",100
"Genetic","Pure Random",-5256139716447555714,48,5,true,false,0,132,11088045400,0.6,28.8,28.59107066408026,"eliteProp",0.1,"mutateProb",0.05,"generations",50,"populationSize",100,"planLength",15,"selectionProp",0.25,"marginProp",1.5,"mutationProp",0.25
"Greedy","Pure Random",-5256139716447555714,48,5,false,false,0,172,104400,0.6,28.8,28.722997757811356
"Ants","Pure Random",-5256139716447555714,48,5,true,false,0,138,10554324500,0.6,28.8,28.645026673124143,"evaporationFactor",0.5,"ants",50.0,"roverSteps",20,"alpha",1.0,"beta",3.0,"iterations",100
"Genetic","Pure Random",1231030216768684019,48,5,true,true,0,53,8049427900,0.6,14.4,12.58252799085528,"eliteProp",0.1,"mutateProb",0.05,"generations",50,"populationSize",100,"planLength",15,"selectionProp",0.25,"marginProp",1.5,"mutationProp",0.25
"Greedy","Pure Random",1231030216768684019,48,5,false,false,0,150,75400,0.6,14.4,14.337106225033098
"Ants","Pure Random",1231030216768684019,48,5,true,false,1,67,6558835500,0.6,14.4,14.116737939437778,"evaporationFactor",0.5,"ants",50.0,"roverSteps",20,"alpha",1.0,"beta",3.0,"iterations",100
"Genetic","Pure Random",-4721042459970561826,48,3,true,true,3,151,8050802900,0.0,230.4,30.052778298402956,"eliteProp",0.1,"mutateProb",0.05,"generations",50,"populationSize",100,"planLength",15,"selectionProp",0.25,"marginProp",1.5,"mutationProp",0.25
"Greedy","Pure Random",-4721042459970561826,48,3,true,true,3,199,158100,0.0,230.4,42.61376098886606
"Ants","Pure Random",-4721042459970561826,48,3,true,true,3,621,78346127800,0.0,230.4,105.9235129063864,"evaporationFactor",0.5,"ants",50.0,"roverSteps",20,"alpha",1.0,"beta",3.0,"iterations",100
"Genetic","Pure Random",1233791857636406630,48,3,true,true,3,181,19776780900,0.0,115.2,33.07102302184863,"eliteProp",0.1,"mutateProb",0.05,"generations",50,"populationSize",100,"planLength",15,"selectionProp",0.25,"marginProp",1.5,"mutationProp",0.25
"Greedy","Pure Random",1233791857636406630,48,3,true,true,1,465,423700,0.0,115.2,92.33319582661672
"Ants","Pure Random",1233791857636406630,48,3,true,true,3,653,66917635300,0.0,115.2,104.47647919234164,"evaporationFactor",0.5,"ants",50.0,"roverSteps",20,"alpha",1.0,"beta",3.0,"iterations",100
"Genetic","Pure Random",-8638038360027740522,48,3,true,true,3,147,13239726600,0.0,57.6,31.845094391472852,"eliteProp",0.1,"mutateProb",0.05,"generations",50,"populationSize",100,"planLength",15,"selectionProp",0.25,"marginProp",1.5,"mutationProp",0.25
"Greedy","Pure Random",-8638038360027740522,48,3,true,true,0,215,179000,0.0,57.6,37.964490086924386
"Ants","Pure Random",-8638038360027740522,48,3,true,false,1,363,33044051800,0.0,57.6,57.5891134962615,"evaporationFactor",0.5,"ants",50.0,"roverSteps",20,"alpha",1.0,"beta",3.0,"iterations",100
"Genetic","Pure Random",-7607610648680247189,48,3,true,true,3,97,5756717700,0.0,28.8,20.784436771259166,"eliteProp",0.1,"mutateProb",0.05,"generations",50,"populationSize",100,"planLength",15,"selectionProp",0.25,"marginProp",1.5,"mutationProp",0.25
"Greedy","Pure Random",-7607610648680247189,48,3,true,true,0,25,21900,0.0,28.8,5.844799324736233
"Ants","Pure Random",-7607610648680247189,48,3,true,false,1,185,14839529400,0.0,28.8,28.772912437007264,"evaporationFactor",0.5,"ants",50.0,"roverSteps",20,"alpha",1.0,"beta",3.0,"iterations",100
"Genetic","Pure Random",-1712037717392913137,48,3,true,true,1,81,5067062400,0.0,14.4,13.131576717143407,"eliteProp",0.1,"mutateProb",0.05,"generations",50,"populationSize",100,"planLength",15,"selectionProp",0.25,"marginProp",1.5,"mutationProp",0.25
"Greedy","Pure Random",-1712037717392913137,48,3,false,false,0,130,53700,0.0,14.4,14.365533654222169
"Ants","Pure Random",-1712037717392913137,48,3,false,false,0,94,6884390800,0.0,14.4,13.874781947667906,"evaporationFactor",0.5,"ants",50.0,"roverSteps",20,"alpha",1.0,"beta",3.0,"iterations",100
"Genetic","Pure Random",-2831858604298347902,48,3,true,true,3,161,13538404800,0.1,230.4,31.365753214278982,"eliteProp",0.1,"mutateProb",0.05,"generations",50,"populationSize",100,"planLength",15,"selectionProp",0.25,"marginProp",1.5,"mutationProp",0.25
"Greedy","Pure Random",-2831858604298347902,48,3,true,true,1,207,189300,0.1,230.4,42.85829183786106
"Ants","Pure Random",-2831858604298347902,48,3,true,false,2,486,74890404500,0.1,230.4,85.60057295679948,"evaporationFactor",0.5,"ants",50.0,"roverSteps",20,"alpha",1.0,"beta",3.0,"iterations",100
"Genetic","Pure Random",-3222510016407337911,48,3,true,true,3,213,22631726200,0.1,115.2,39.26836886123411,"eliteProp",0.1,"mutateProb",0.05,"generations",50,"populationSize",100,"planLength",15,"selectionProp",0.25,"marginProp",1.5,"mutationProp",0.25
"Greedy","Pure Random",-3222510016407337911,48,3,true,true,3,213,175700,0.1,115.2,44.06041074732647
"Ants","Pure Random",-3222510016407337911,48,3,true,true,3,663,89185513600,0.1,115.2,105.61186163821297,"evaporationFactor",0.5,"ants",50.0,"roverSteps",20,"alpha",1.0,"beta",3.0,"iterations",100
"Genetic","Pure Random",5007003430098299359,48,3,true,true,3,241,15325673300,0.1,57.6,47.31383208116479,"eliteProp",0.1,"mutateProb",0.05,"generations",50,"populationSize",100,"planLength",15,"selectionProp",0.25,"marginProp",1.5,"mutationProp",0.25
"Greedy","Pure Random",5007003430098299359,48,3,true,true,3,181,137600,0.1,57.6,37.51952677195904
"Ants","Pure Random",5007003430098299359,48,3,true,false,3,353,40847106000,0.1,57.6,57.52669041276596,"evaporationFactor",0.5,"ants",50.0,"roverSteps",20,"alpha",1.0,"beta",3.0,"iterations",100
"Genetic","Pure Random",7279735005802832878,48,3,true,true,2,153,10412418900,0.1,28.8,28.609266429167786,"eliteProp",0.1,"mutateProb",0.05,"generations",50,"populationSize",100,"planLength",15,"selectionProp",0.25,"marginProp",1.5,"mutationProp",0.25
"Greedy","Pure Random",7279735005802832878,48,3,false,true,0,167,129800,0.1,28.8,28.728508387301225
"Ants","Pure Random",7279735005802832878,48,3,true,false,0,175,16774021700,0.1,28.8,28.760522858233113,"evaporationFactor",0.5,"ants",50.0,"roverSteps",20,"alpha",1.0,"beta",3.0,"iterations",100
"Genetic","Pure Random",6521726668627193253,48,3,true,true,2,59,6953975100,0.1,14.4,12.810370851316092,"eliteProp",0.1,"mutateProb",0.05,"generations",50,"populationSize",100,"planLength",15,"selectionProp",0.25,"marginProp",1.5,"mutationProp",0.25
"Greedy","Pure Random",6521726668627193253,48,3,false,false,0,94,57200,0.1,14.4,14.339329598500807
"Ants","Pure Random",6521726668627193253,48,3,false,false,1,84,6642738900,0.1,14.4,14.364875796771639,"evaporationFactor",0.5,"ants",50.0,"roverSteps",20,"alpha",1.0,"beta",3.0,"iterations",100
"Genetic","Pure Random",-5944930470836826972,48,3,true,true,3,145,10643466300,0.2,230.4,28.840567232936564,"eliteProp",0.1,"mutateProb",0.05,"generations",50,"populationSize",100,"planLength",15,"selectionProp",0.25,"marginProp",1.5,"mutationProp",0.25
"Greedy","Pure Random",-5944930470836826972,48,3,true,false,3,959,449000,0.2,230.4,230.30722715931176
"Ants","Pure Random",-5944930470836826972,48,3,true,true,3,513,92054083500,0.2,230.4,91.02276692873139,"evaporationFactor",0.5,"ants",50.0,"roverSteps",20,"alpha",1.0,"beta",3.0,"iterations",100
"Genetic","Pure Random",-7928129560023496365,48,3,true,true,3,229,16055049400,0.2,115.2,41.235678944064134,"eliteProp",0.1,"mutateProb",0.05,"generations",50,"populationSize",100,"planLength",15,"selectionProp",0.25,"marginProp",1.5,"mutationProp",0.25
"Greedy","Pure Random",-7928129560023496365,48,3,true,true,3,147,148000,0.2,115.2,24.87649870247232
"Ants","Pure Random",-7928129560023496365,48,3,true,true,3,529,74801190500,0.2,115.2,95.4684068701597,"evaporationFactor",0.5,"ants",50.0,"roverSteps",20,"alpha",1.0,"beta",3.0,"iterations",100
"Genetic","Pure Random",-6544798347608386910,48,3,true,true,3,127,9102910300,0.2,57.6,27.63822121728826,"eliteProp",0.1,"mutateProb",0.05,"generations",50,"populationSize",100,"planLength",15,"selectionProp",0.25,"marginProp",1.5,"mutationProp",0.25
"Greedy","Pure Random",-6544798347608386910,48,3,true,true,3,191,172500,0.2,57.6,38.22478302622023
"Ants","Pure Random",-6544798347608386910,48,3,true,true,3,237,28568959700,0.2,57.6,48.09383845544436,"evaporationFactor",0.5,"ants",50.0,"roverSteps",20,"alpha",1.0,"beta",3.0,"iterations",100
"Genetic","Pure Random",8673249733171458942,48,3,true,true,1,129,8608492500,0.2,28.8,27.7365146318191,"eliteProp",0.1,"mutateProb",0.05,"generations",50,"populationSize",100,"planLength",15,"selectionProp",0.25,"marginProp",1.5,"mutationProp",0.25
"Greedy","Pure Random",8673249733171458942,48,3,false,false,0,250,105400,0.2,28.8,28.79585411011081
"Ants","Pure Random",8673249733171458942,48,3,true,false,1,174,14669741300,0.2,28.8,28.729808148774833,"evaporationFactor",0.5,"ants",50.0,"roverSteps",20,"alpha",1.0,"beta",3.0,"iterations",100
"Genetic","Pure Random",1357473605279997318,48,3,false,true,0,59,4675576000,0.2,14.4,12.777546712855065,"eliteProp",0.1,"mutateProb",0.05,"generations",50,"populationSize",100,"planLength",15,"selectionProp",0.25,"marginProp",1.5,"mutationProp",0.25
"Greedy","Pure Random",1357473605279997318,48,3,false,true,0,93,55500,0.2,14.4,14.309621816986567
"Ants","Pure Random",1357473605279997318,48,3,true,false,0,87,6703177000,0.2,14.4,14.398001636639062,"evaporationFactor",0.5,"ants",50.0,"roverSteps",20,"alpha",1.0,"beta",3.0,"iterations",100
"Genetic","Pure Random",-7081383061187490880,48,3,true,true,3,177,21594332100,0.3,230.4,37.6209483688701,"eliteProp",0.1,"mutateProb",0.05,"generations",50,"populationSize",100,"planLength",15,"selectionProp",0.25,"marginProp",1.5,"mutationProp",0.25
"Greedy","Pure Random",-7081383061187490880,48,3,true,true,3,165,101200,0.3,230.4,33.949121925221675
"Ants","Pure Random",-7081383061187490880,48,3,true,true,3,467,50419388900,0.3,230.4,98.97542956171498,"evaporationFactor",0.5,"ants",50.0,"roverSteps",20,"alpha",1.0,"beta",3.0,"iterations",100
"Genetic","Pure Random",7256496204345291108,48,3,true,true,3,175,13385615300,0.3,115.2,39.689822970708974,"eliteProp",0.1,"mutateProb",0.05,"generations",50,"populationSize",100,"planLength",15,"selectionProp",0.25,"marginProp",1.5,"mutationProp",0.25
"Greedy","Pure Random",7256496204345291108,48,3,true,true,2,563,425000,0.3,115.2,96.53739110274054
"Ants","Pure Random",7256496204345291108,48,3,true,false,2,591,66384376100,0.3,115.2,115.01819514866929,"evaporationFactor",0.5,"ants",50.0,"roverSteps",20,"alpha",1.0,"beta",3.0,"iterations",100
"Genetic","Pure Random",8255320626469362672,48,3,true,true,3,181,15734861800,0.3,57.6,43.04053673717464,"eliteProp",0.1,"mutateProb",0.05,"generations",50,"populationSize",100,"planLength",15,"selectionProp",0.25,"marginProp",1.5,"mutationProp",0.25
"Greedy","Pure Random",8255320626469362672,48,3,true,true,0,165,229400,0.3,57.6,36.80030650602717
"Ants","Pure Random",8255320626469362672,48,3,true,false,2,290,24079245500,0.3,57.6,57.567620438057375,"evaporationFactor",0.5,"ants",50.0,"roverSteps",20,"alpha",1.0,"beta",3.0,"iterations",100
"Genetic","Pure Random",1086956198045791522,48,3,false,true,0,111,5410515200,0.3,28.8,24.7027494429879,"eliteProp",0.1,"mutateProb",0.05,"generations",50,"populationSize",100,"planLength",15,"selectionProp",0.25,"marginProp",1.5,"mutationProp",0.25
"Greedy","Pure Random",1086956198045791522,48,3,false,false,0,188,95800,0.3,28.8,28.794006870836387
"Ants","Pure Random",1086956198045791522,48,3,false,false,0,135,10868978600,0.3,28.8,28.788253711445595,"evaporationFactor",0.5,"ants",50.0,"roverSteps",20,"alpha",1.0,"beta",3.0,"iterations",100
"Genetic","Pure Random",8512805154381133971,48,3,false,true,0,63,5423582700,0.3,14.4,11.88812575256775,"eliteProp",0.1,"mutateProb",0.05,"generations",50,"populationSize",100,"planLength",15,"selectionProp",0.25,"marginProp",1.5,"mutationProp",0.25
"Greedy","Pure Random",8512805154381133971,48,3,false,false,0,76,30900,0.3,14.4,14.297625341930432
"Ants","Pure Random",8512805154381133971,48,3,false,false,0,75,5469248200,0.3,14.4,14.061558395140128,"evaporationFactor",0.5,"ants",50.0,"roverSteps",20,"alpha",1.0,"beta",3.0,"iterations",100
"Genetic","Pure Random",-2670434205684446718,48,3,true,true,3,207,17669301800,0.4,230.4,44.95607738326848,"eliteProp",0.1,"mutateProb",0.05,"generations",50,"populationSize",100,"planLength",15,"selectionProp",0.25,"marginProp",1.5,"mutationProp",0.25
"Greedy","Pure Random",-2670434205684446718,48,3,true,false,2,1155,929100,0.4,230.4,230.20240942862353
"Ants","Pure Random",-2670434205684446718,48,3,true,true,3,409,58837506300,0.4,230.4,91.32614315288893,"evaporationFactor",0.5,"ants",50.0,"roverSteps",20,"alpha",1.0,"beta",3.0,"iterations",100
"Genetic","Pure Random",-6793216891883686767,48,3,true,true,3,159,11160176100,0.4,115.2,38.1490670429007,"eliteProp",0.1,"mutateProb",0.05,"generations",50,"populationSize",100,"planLength",15,"selectionProp",0.25,"marginProp",1.5,"mutationProp",0.25
"Greedy","Pure Random",-6793216891883686767,48,3,true,false,3,573,368500,0.4,115.2,114.82891089554317
"Ants","Pure Random",-6793216891883686767,48,3,true,false,3,572,66782918100,0.4,115.2,115.0608299240883,"evaporationFactor",0.5,"ants",50.0,"roverSteps",20,"alpha",1.0,"beta",3.0,"iterations",100
"Genetic","Pure Random",4624778638690535551,48,3,true,true,3,123,14434888200,0.4,57.6,27.78946307478166,"eliteProp",0.1,"mutateProb",0.05,"generations",50,"populationSize",100,"planLength",15,"selectionProp",0.25,"marginProp",1.5,"mutationProp",0.25
"Greedy","Pure Random",4624778638690535551,48,3,true,true,0,181,583300,0.4,57.6,35.72109063668949
"Ants","Pure Random",4624778638690535551,48,3,true,false,3,275,31627463800,0.4,57.6,57.2589381945856,"evaporationFactor",0.5,"ants",50.0,"roverSteps",20,"alpha",1.0,"beta",3.0,"iterations",100
"Genetic","Pure Random",3353946802660006955,48,3,true,true,3,75,14259778400,0.4,28.8,17.705281867614033,"eliteProp",0.1,"mutateProb",0.05,"generations",50,"populationSize",100,"planLength",15,"selectionProp",0.25,"marginProp",1.5,"mutationProp",0.25
"Greedy","Pure Random",3353946802660006955,48,3,false,false,1,141,74200,0.4,28.8,28.64267341794383
"Ants","Pure Random",3353946802660006955,48,3,true,false,3,146,15710216700,0.4,28.8,28.79766446513344,"evaporationFactor",0.5,"ants",50.0,"roverSteps",20,"alpha",1.0,"beta",3.0,"iterations",100
"Genetic","Pure Random",-1644049563800127907,48,3,false,true,0,67,5334892600,0.4,14.4,13.535637389785,"eliteProp",0.1,"mutateProb",0.05,"generations",50,"populationSize",100,"planLength",15,"selectionProp",0.25,"marginProp",1.5,"mutationProp",0.25
"Greedy","Pure Random",-1644049563800127907,48,3,false,false,0,119,140600,0.4,14.4,14.363145926453374
"Ants","Pure Random",-1644049563800127907,48,3,true,false,1,71,6335876200,0.4,14.4,14.316007877559795,"evaporationFactor",0.5,"ants",50.0,"roverSteps",20,"alpha",1.0,"beta",3.0,"iterations",100
"Genetic","Pure Random",-5582460156742292692,48,3,true,true,3,157,11469158800,0.5,230.4,33.97073051012191,"eliteProp",0.1,"mutateProb",0.05,"generations",50,"populationSize",100,"planLength",15,"selectionProp",0.25,"marginProp",1.5,"mutationProp",0.25
"Greedy","Pure Random",-5582460156742292692,48,3,true,false,3,1385,702400,0.5,230.4,230.26916028646244
"Ants","Pure Random",-5582460156742292692,48,3,true,true,3,349,36769960400,0.5,230.4,74.36987287333517,"evaporationFactor",0.5,"ants",50.0,"roverSteps",20,"alpha",1.0,"beta",3.0,"iterations",100
"Genetic","Pure Random",7538566594727037435,48,3,true,true,3,261,14775581400,0.5,115.2,55.920966274857584,"eliteProp",0.1,"mutateProb",0.05,"generations",50,"populationSize",100,"planLength",15,"selectionProp",0.25,"marginProp",1.5,"mutationProp",0.25
"Greedy","Pure Random",7538566594727037435,48,3,true,false,1,623,446100,0.5,115.2,114.84899006148423
"Ants","Pure Random",7538566594727037435,48,3,true,false,3,578,57791458600,0.5,115.2,115.16847634195868,"evaporationFactor",0.5,"ants",50.0,"roverSteps",20,"alpha",1.0,"beta",3.0,"iterations",100
"Genetic","Pure Random",-2344744420156706210,48,3,true,true,3,201,10878762100,0.5,57.6,44.19545125901605,"eliteProp",0.1,"mutateProb",0.05,"generations",50,"populationSize",100,"planLength",15,"selectionProp",0.25,"marginProp",1.5,"mutationProp",0.25
"Greedy","Pure Random",-2344744420156706210,48,3,true,true,1,193,162600,0.5,57.6,38.72464082305786
"Ants","Pure Random",-2344744420156706210,48,3,true,false,2,399,34322805900,0.5,57.6,57.55380821011352,"evaporationFactor",0.5,"ants",50.0,"roverSteps",20,"alpha",1.0,"beta",3.0,"iterations",100
"Genetic","Pure Random",-89477907406565653,48,3,true,true,2,125,9780568600,0.5,28.8,27.143100606288666,"eliteProp",0.1,"mutateProb",0.05,"generations",50,"populationSize",100,"planLength",15,"selectionProp",0.25,"marginProp",1.5,"mutationProp",0.25
"Greedy","Pure Random",-89477907406565653,48,3,true,true,0,41,26800,0.5,28.8,7.966609983941158
"Ants","Pure Random",-89477907406565653,48,3,true,false,2,249,18224840500,0.5,28.8,28.78801786342944,"evaporationFactor",0.5,"ants",50.0,"roverSteps",20,"alpha",1.0,"beta",3.0,"iterations",100
"Genetic","Pure Random",-5158577913511649217,48,3,false,true,0,55,3016775600,0.5,14.4,12.981002452053355,"eliteProp",0.1,"mutateProb",0.05,"generations",50,"populationSize",100,"planLength",15,"selectionProp",0.25,"marginProp",1.5,"mutationProp",0.25
"Greedy","Pure Random",-5158577913511649217,48,3,false,false,0,94,44200,0.5,14.4,14.289017321432759
"Ants","Pure Random",-5158577913511649217,48,3,false,false,0,67,5719272600,0.5,14.4,14.334074293043013,"evaporationFactor",0.5,"ants",50.0,"roverSteps",20,"alpha",1.0,"beta",3.0,"iterations",100
"Genetic","Pure Random",-6188211208801370172,48,3,true,true,3,197,12209442400,0.6,230.4,45.869195049100426,"eliteProp",0.1,"mutateProb",0.05,"generations",50,"populationSize",100,"planLength",15,"selectionProp",0.25,"marginProp",1.5,"mutationProp",0.25
"Greedy","Pure Random",-6188211208801370172,48,3,true,true,3,263,221100,0.6,230.4,49.04166892037935
"Ants","Pure Random",-6188211208801370172,48,3,true,true,3,817,94214908500,0.6,230.4,175.31718050985904,"evaporationFactor",0.5,"ants",50.0,"roverSteps",20,"alpha",1.0,"beta",3.0,"iterations",100
"Genetic","Pure Random",-2384367061109202700,48,3,true,true,3,201,11823088300,0.6,115.2,46.889344574977585,"eliteProp",0.1,"mutateProb",0.05,"generations",50,"populationSize",100,"planLength",15,"selectionProp",0.25,"marginProp",1.5,"mutationProp",0.25
"Greedy","Pure Random",-2384367061109202700,48,3,true,false,3,994,455300,0.6,115.2,115.10647959026161
"Ants","Pure Random",-2384367061109202700,48,3,true,false,1,582,57949284400,0.6,115.2,115.16298765352506,"evaporationFactor",0.5,"ants",50.0,"roverSteps",20,"alpha",1.0,"beta",3.0,"iterations",100
"Genetic","Pure Random",3379006441784453430,48,3,true,true,3,187,14634357100,0.6,57.6,45.34329966955769,"eliteProp",0.1,"mutateProb",0.05,"generations",50,"populationSize",100,"planLength",15,"selectionProp",0.25,"marginProp",1.5,"mutationProp",0.25
"Greedy","Pure Random",3379006441784453430,48,3,true,true,2,173,147900,0.6,57.6,35.395167962618686
"Ants","Pure Random",3379006441784453430,48,3,true,false,1,282,25832161900,0.6,57.6,57.228903540824255,"evaporationFactor",0.5,"ants",50.0,"roverSteps",20,"alpha",1.0,"beta",3.0,"iterations",100
"Genetic","Pure Random",4360964967927892350,48,3,true,true,1,113,8689300000,0.6,28.8,28.468975836140466,"eliteProp",0.1,"mutateProb",0.05,"generations",50,"populationSize",100,"planLength",15,"selectionProp",0.25,"marginProp",1.5,"mutationProp",0.25
"Greedy","Pure Random",4360964967927892350,48,3,false,false,0,173,82200,0.6,28.8,28.706385635984244
"Ants","Pure Random",4360964967927892350,48,3,true,false,1,217,15990798200,0.6,28.8,28.7930304381863,"evaporationFactor",0.5,"ants",50.0,"roverSteps",20,"alpha",1.0,"beta",3.0,"iterations",100
"Genetic","Pure Random",-1491556331742418338,48,3,false,true,0,47,3785916100,0.6,14.4,11.551879747054079,"eliteProp",0.1,"mutateProb",0.05,"generations",50,"populationSize",100,"planLength",15,"selectionProp",0.25,"marginProp",1.5,"mutationProp",0.25
"Greedy","Pure Random",-1491556331742418338,48,3,false,false,0,78,32500,0.6,14.4,14.327422239522667
"Ants","Pure Random",-1491556331742418338,48,3,true,false,0,73,6033618900,0.6,14.4,14.003011599065871,"evaporationFactor",0.5,"ants",50.0,"roverSteps",20,"alpha",1.0,"beta",3.0,"iterations",100
"Genetic","Pure Random",1894266005253079595,32,5,true,true,5,171,8614640000,0.0,102.4,32.05083573230671,"eliteProp",0.1,"mutateProb",0.05,"generations",50,"populationSize",100,"planLength",15,"selectionProp",0.25,"marginProp",1.5,"mutationProp",0.25
"Greedy","Pure Random",1894266005253079595,32,5,true,true,0,165,145100,0.0,102.4,31.507797093684758
"Ants","Pure Random",1894266005253079595,32,5,true,true,5,363,42162967200,0.0,102.4,55.25737126617184,"evaporationFactor",0.5,"ants",50.0,"roverSteps",20,"alpha",1.0,"beta",3.0,"iterations",100
"Genetic","Pure Random",4844366455501792858,32,5,true,true,5,195,15745447900,0.0,51.2,30.198164492423764,"eliteProp",0.1,"mutateProb",0.05,"generations",50,"populationSize",100,"planLength",15,"selectionProp",0.25,"marginProp",1.5,"mutationProp",0.25
"Greedy","Pure Random",4844366455501792858,32,5,false,false,0,343,393500,0.0,51.2,51.19647915498011
"Ants","Pure Random",4844366455501792858,32,5,true,true,5,329,26324309600,0.0,51.2,46.98211633614213,"evaporationFactor",0.5,"ants",50.0,"roverSteps",20,"alpha",1.0,"beta",3.0,"iterations",100
"Genetic","Pure Random",469419850773455950,32,5,true,true,3,145,12723758700,0.0,25.6,25.106949378490082,"eliteProp",0.1,"mutateProb",0.05,"generations",50,"populationSize",100,"planLength",15,"selectionProp",0.25,"marginProp",1.5,"mutationProp",0.25
"Greedy","Pure Random",469419850773455950,32,5,false,false,0,151,151400,0.0,25.6,25.590991401228628
"Ants","Pure Random",469419850773455950,32,5,true,false,2,179,16440388300,0.0,25.6,25.555184220076836,"evaporationFactor",0.5,"ants",50.0,"roverSteps",20,"alpha",1.0,"beta",3.0,"iterations",100
"Genetic","Pure Random",-2512424747995071712,32,5,false,true,0,69,6400645700,0.0,12.8,11.53849289934162,"eliteProp",0.1,"mutateProb",0.05,"generations",50,"populationSize",100,"planLength",15,"selectionProp",0.25,"marginProp",1.5,"mutationProp",0.25
"Greedy","Pure Random",-2512424747995071712,32,5,false,false,0,74,45100,0.0,12.8,12.727026050847883
"Ants","Pure Random",-2512424747995071712,32,5,false,false,0,95,4666867700,0.0,12.8,12.788518989419481,"evaporationFactor",0.5,"ants",50.0,"roverSteps",20,"alpha",1.0,"beta",3.0,"iterations",100
"Genetic","Pure Random",6227508230510460722,32,5,true,false,0,32,5493262100,0.0,6.4,6.044607003370528,"eliteProp",0.1,"mutateProb",0.05,"generations",50,"populationSize",100,"planLength",15,"selectionProp",0.25,"marginProp",1.5,"mutationProp",0.25
"Greedy","Pure Random",6227508230510460722,32,5,false,false,0,32,19400,0.0,6.4,6.104797267285012
"Ants","Pure Random",6227508230510460722,32,5,false,false,0,47,2315990700,0.0,6.4,6.329458972009803,"evaporationFactor",0.5,"ants",50.0,"roverSteps",20,"alpha",1.0,"beta",3.0,"iterations",100
"Genetic","Pure Random",7777603597206081931,32,5,true,true,5,157,12392532600,0.1,102.4,29.90037727090109,"eliteProp",0.1,"mutateProb",0.05,"generations",50,"populationSize",100,"planLength",15,"selectionProp",0.25,"marginProp",1.5,"mutationProp",0.25
"Greedy","Pure Random",7777603597206081931,32,5,true,true,5,167,133000,0.1,102.4,31.86133872080488
"Ants","Pure Random",7777603597206081931,32,5,true,true,5,559,47580142200,0.1,102.4,91.97519020382771,"evaporationFactor",0.5,"ants",50.0,"roverSteps",20,"alpha",1.0,"beta",3.0,"iterations",100
"Genetic","Pure Random",-4826799298368161717,32,5,true,true,5,225,16385287200,0.1,51.2,37.79680931217895,"eliteProp",0.1,"mutateProb",0.05,"generations",50,"populationSize",100,"planLength",15,"selectionProp",0.25,"marginProp",1.5,"mutationProp",0.25
"Greedy","Pure Random",-4826799298368161717,32,5,true,true,0,215,175300,0.1,51.2,39.53523079414225
"Ants","Pure Random",-4826799298368161717,32,5,true,false,2,323,26253814400,0.1,51.2,51.13321247817437,"evaporationFactor",0.5,"ants",50.0,"roverSteps",20,"alpha",1.0,"beta",3.0,"iterations",100
"Genetic","Pure Random",1110462799621708470,32,5,true,true,4,137,9554108300,0.1,25.6,23.837292137700917,"eliteProp",0.1,"mutateProb",0.05,"generations",50,"populationSize",100,"planLength",15,"selectionProp",0.25,"marginProp",1.5,"mutationProp",0.25
"Greedy","Pure Random",1110462799621708470,32,5,true,true,2,73,69800,0.1,25.6,13.580462180965043
"Ants","Pure Random",1110462799621708470,32,5,true,false,4,227,15109821500,0.1,25.6,25.547760038456314,"evaporationFactor",0.5,"ants",50.0,"roverSteps",20,"alpha",1.0,"beta",3.0,"iterations",100
"Genetic","Pure Random",4526777508340464302,32,5,true,true,2,51,5073602200,0.1,12.8,10.879809187435331,"eliteProp",0.1,"mutateProb",0.05,"generations",50,"populationSize",100,"planLength",15,"selectionProp",0.25,"marginProp",1.5,"mutationProp",0.25
"Greedy","Pure Random",4526777508340464302,32,5,false,false,0,78,36400,0.1,12.8,12.686987633290569
"Ants","Pure Random",4526777508340464302,32,5,true,false,1,86,5310840300,0.1,12.8,12.787581710228341,"evaporationFactor",0.5,"ants",50.0,"roverSteps",20,"alpha",1.0,"beta",3.0,"iterations",100
"Genetic","Pure Random",-8307479702002594163,32,5,false,true,0,33,2743839000,0.1,6.4,5.193985001703689,"eliteProp",0.1,"mutateProb",0.05,"generations",50,"populationSize",100,"planLength",15,"selectionProp",0.25,"marginProp",1.5,"mutationProp",0.25
"Greedy","Pure Random",-8307479702002594163,32,5,false,false,0,45,38600,0.1,6.4,6.363226172016257
"Ants","Pure Random",-8307479702002594163,32,5,false,false,0,42,1971149000,0.1,6.4,6.32068411974069,"evaporationFactor",0.5,"ants",50.0,"roverSteps",20,"alpha",1.0,"beta",3.0,"iterations",100
"Genetic","Pure Random",-6643810382394005054,32,5,true,true,5,113,7332218800,0.2,102.4,23.694354993329767,"eliteProp",0.1,"mutateProb",0.05,"generations",50,"populationSize",100,"planLength",15,"selectionProp",0.25,"marginProp",1.5,"mutationProp",0.25
"Greedy","Pure Random",-6643810382394005054,32,5,true,true,5,197,161700,0.2,102.4,36.50019325909486
"Ants","Pure Random",-6643810382394005054,32,5,true,true,5,365,30078145500,0.2,102.4,62.53335651919492,"evaporationFactor",0.5,"ants",50.0,"roverSteps",20,"alpha",1.0,"beta",3.0,"iterations",100
"Genetic","Pure Random",-8824304588597936224,32,5,true,true,5,177,11755875300,0.2,51.2,37.57535109902087,"eliteProp",0.1,"mutateProb",0.05,"generations",50,"populationSize",100,"planLength",15,"selectionProp",0.25,"marginProp",1.5,"mutationProp",0.25
"Greedy","Pure Random",-8824304588597936224,32,5,false,false,0,308,320400,0.2,51.2,50.918011087116376
"Ants","Pure Random",-8824304588597936224,32,5,true,false,2,267,16284814300,0.2,51.2,51.036992278207556,"evaporationFactor",0.5,"ants",50.0,"roverSteps",20,"alpha",1.0,"beta",3.0,"iterations",100
"Genetic","Pure Random",-7403559085887550665,32,5,true,true,2,133,8698368500,0.2,25.6,24.462524944796648,"eliteProp",0.1,"mutateProb",0.05,"generations",50,"populationSize",100,"planLength",15,"selectionProp",0.25,"marginProp",1.5,"mutationProp",0.25
"Greedy","Pure Random",-7403559085887550665,32,5,true,true,1,69,71800,0.2,25.6,11.707161323368899
"Ants","Pure Random",-7403559085887550665,32,5,true,false,3,142,7985513100,0.2,25.6,25.538342950383722,"evaporationFactor",0.5,"ants",50.0,"roverSteps",20,"alpha",1.0,"beta",3.0,"iterations",100
"Genetic","Pure Random",876176899010762810,32,5,true,true,1,63,5007166900,0.2,12.8,11.752861051482528,"eliteProp",0.1,"mutateProb",0.05,"generations",50,"populationSize",100,"planLength",15,"selectionProp",0.25,"marginProp",1.5,"mutationProp",0.25
"Greedy","Pure Random",876176899010762810,32,5,false,false,0,89,66500,0.2,12.8,12.687323391313214
"Ants","Pure Random",876176899010762810,32,5,true,false,1,63,3759123800,0.2,12.8,12.764702397337654,"evaporationFactor",0.5,"ants",50.0,"roverSteps",20,"alpha",1.0,"beta",3.0,"iterations",100
"Genetic","Pure Random",-5905954789007123401,32,5,false,true,0,29,1360872600,0.2,6.4,5.689293377927828,"eliteProp",0.1,"mutateProb",0.05,"generations",50,"populationSize",100,"planLength",15,"selectionProp",0.25,"marginProp",1.5,"mutationProp",0.25
"Greedy","Pure Random",-5905954789007123401,32,5,false,false,0,37,17900,0.2,6.4,6.142846878902786
"Ants","Pure Random",-5905954789007123401,32,5,false,false,0,33,1450253900,0.2,6.4,6.308463717653473,"evaporationFactor",0.5,"ants",50.0,"roverSteps",20,"alpha",1.0,"beta",3.0,"iterations",100
"Genetic","Pure Random",5138719841392907442,32,5,true,true,5,239,14423742800,0.3,102.4,50.982340265837955,"eliteProp",0.1,"mutateProb",0.05,"generations",50,"populationSize",100,"planLength",15,"selectionProp",0.25,"marginProp",1.5,"mutationProp",0.25
"Greedy","Pure Random",5138719841392907442,32,5,true,true,2,549,308600,0.3,102.4,89.459811265191
"Ants","Pure Random",5138719841392907442,32,5,true,true,5,339,23787885400,0.3,102.4,71.62680067903426,"evaporationFactor",0.5,"ants",50.0,"roverSteps",20,"alpha",1.0,"beta",3.0,"iterations",100
"Genetic","Pure Random",-6400963259510569508,32,5,true,true,5,145,8148107900,0.3,51.2,30.345454114278933,"eliteProp",0.1,"mutateProb",0.05,"generations",50,"populationSize",100,"planLength",15,"selectionProp",0.25,"marginProp",1.5,"mutationProp",0.25
"Greedy","Pure Random",-6400963259510569508,32,5,true,true,4,209,170800,0.3,51.2,37.49666774391102
"Ants","Pure Random",-6400963259510569508,32,5,true,true,5,219,16547293700,0.3,51.2,41.0166764115759,"evaporationFactor",0.5,"ants",50.0,"roverSteps",20,"alpha",1.0,"beta",3.0,"iterations",100
"Genetic","Pure Random",8742292209057484544,32,5,true,true,1,111,4587898200,0.3,25.6,24.493981383052247,"eliteProp",0.1,"mutateProb",0.05,"generations",50,"populationSize",100,"planLength",15,"selectionProp",0.25,"marginProp",1.5,"mutationProp",0.25
"Greedy","Pure Random",8742292209057484544,32,5,false,false,0,154,83000,0.3,25.6,25.376442165937767
"Ants","Pure Random",8742292209057484544,32,5,true,false,1,120,6414083900,0.3,25.6,25.379604935686423,"evaporationFactor",0.5,"ants",50.0,"roverSteps",20,"alpha",1.0,"beta",3.0,"iterations",100
"Genetic","Pure Random",-3230915685930097439,32,5,true,true,0,57,2325597700,0.3,12.8,10.565306568965664,"eliteProp",0.1,"mutateProb",0.05,"generations",50,"populationSize",100,"planLength",15,"selectionProp",0.25,"marginProp",1.5,"mutationProp",0.25
"Greedy","Pure Random",-3230915685930097439,32,5,false,false,0,83,32300,0.3,12.8,12.691551699477266
"Ants","Pure Random",-3230915685930097439,32,5,true,false,2,64,3562324400,0.3,12.8,12.719837460393105,"evaporationFactor",0.5,"ants",50.0,"roverSteps",20,"alpha",1.0,"beta",3.0,"iterations",100
"Genetic","Pure Random",8904714052600967058,32,5,false,true,1,27,1772990400,0.3,6.4,5.384867630374718,"eliteProp",0.1,"mutateProb",0.05,"generations",50,"populationSize",100,"planLength",15,"selectionProp",0.25,"marginProp",1.5,"mutationProp",0.25
"Greedy","Pure Random",8904714052600967058,32,5,false,false,0,43,20500,0.3,6.4,6.346089731564384
"Ants","Pure Random",8904714052600967058,32,5,true,false,0,37,1843905100,0.3,6.4,6.373408413010167,"evaporationFactor",0.5,"ants",50.0,"roverSteps",20,"alpha",1.0,"beta",3.0,"iterations",100
"Genetic","Pure Random",-5002240181585799013,32,5,true,true,5,225,10941039100,0.4,102.4,46.2805488968057,"eliteProp",0.1,"mutateProb",0.05,"generations",50,"populationSize",100,"planLength",15,"selectionProp",0.25,"marginProp",1.5,"mutationProp",0.25
"Greedy","Pure Random",-5002240181585799013,32,5,false,false,0,560,466500,0.4,102.4,102.28356003421386
"Ants","Pure Random",-5002240181585799013,32,5,true,false,5,523,32026530500,0.4,102.4,102.24800654634105,"evaporationFactor",0.5,"ants",50.0,"roverSteps",20,"alpha",1.0,"beta",3.0,"iterations",100
"Genetic","Pure Random",5862270373804726112,32,5,true,true,5,165,8512782700,0.4,51.2,37.803879198858226,"eliteProp",0.1,"mutateProb",0.05,"generations",50,"populationSize",100,"planLength",15,"selectionProp",0.25,"marginProp",1.5,"mutationProp",0.25
"Greedy","Pure Random",5862270373804726112,32,5,true,true,3,195,135900,0.4,51.2,37.94875275268617
"Ants","Pure Random",5862270373804726112,32,5,true,false,3,245,15879344400,0.4,51.2,51.194670686223624,"evaporationFactor",0.5,"ants",50.0,"roverSteps",20,"alpha",1.0,"beta",3.0,"iterations",100
"Genetic","Pure Random",1524437988863249705,32,5,true,true,3,109,6077438100,0.4,25.6,24.15214741710498,"eliteProp",0.1,"mutateProb",0.05,"generations",50,"populationSize",100,"planLength",15,"selectionProp",0.25,"marginProp",1.5,"mutationProp",0.25
"Greedy","Pure Random",1524437988863249705,32,5,true,true,2,71,44700,0.4,25.6,13.430410473455114
"Ants","Pure Random",1524437988863249705,32,5,true,false,1,124,6686005700,0.4,25.6,25.58078578633828,"evaporationFactor",0.5,"ants",50.0,"roverSteps",20,"alpha",1.0,"beta",3.0,"iterations",100
"Genetic","Pure Random",-5414853719495551170,32,5,false,true,1,53,2853001000,0.4,12.8,11.326433724380715,"eliteProp",0.1,"mutateProb",0.05,"generations",50,"populationSize",100,"planLength",15,"selectionProp",0.25,"marginProp",1.5,"mutationProp",0.25
"Greedy","Pure Random",-5414853719495551170,32,5,false,false,0,83,54400,0.4,12.8,12.476128468062889
"Ants","Pure Random",-5414853719495551170,32,5,false,false,2,66,3497489400,0.4,12.8,12.754509314763956,"evaporationFactor",0.5,"ants",50.0,"roverSteps",20,"alpha",1.0,"beta",3.0,"iterations",100
"Genetic","Pure Random",5218716290260186346,32,5,true,true,1,27,3597635700,0.4,6.4,6.150882692759265,"eliteProp",0.1,"mutateProb",0.05,"generations",50,"populationSize",100,"planLength",15,"selectionProp",0.25,"marginProp",1.5,"mutationProp",0.25
"Greedy","Pure Random",5218716290260186346,32,5,false,false,0,33,24300,0.4,6.4,6.245484221875219
"Ants","Pure Random",5218716290260186346,32,5,true,false,0,21,1297605500,0.4,6.4,6.245329172789508,"evaporationFactor",0.5,"ants",50.0,"roverSteps",20,"alpha",1.0,"beta",3.0,"iterations",100
"Genetic","Pure Random",-5937443227776907152,32,5,true,true,5,131,6961867400,0.5,102.4,31.18131576500373,"eliteProp",0.1,"mutateProb",0.05,"generations",50,"populationSize",100,"planLength",15,"selectionProp",0.25,"marginProp",1.5,"mutationProp",0.25
"Greedy","Pure Random",-5937443227776907152,32,5,true,true,5,145,89100,0.5,102.4,28.980509471152047
"Ants","Pure Random",-5937443227776907152,32,5,true,true,5,393,36521808800,0.5,102.4,82.50818351102488,"evaporationFactor",0.5,"ants",50.0,"roverSteps",20,"alpha",1.0,"beta",3.0,"iterations",100
"Genetic","Pure Random",-1197655925530893009,32,5,true,true,4,213,9222232500,0.5,51.2,49.02308290111101,"eliteProp",0.1,"mutateProb",0.05,"generations",50,"populationSize",100,"planLength",15,"selectionProp",0.25,"marginProp",1.5,"mutationProp",0.25
"Greedy","Pure Random",-1197655925530893009,32,5,false,false,0,374,279000,0.5,51.2,51.18234269229303
"Ants","Pure Random",-1197655925530893009,32,5,true,false,3,272,13886386200,0.5,51.2,51.08532618524621,"evaporationFactor",0.5,"ants",50.0,"roverSteps",20,"alpha",1.0,"beta",3.0,"iterations",100
"Genetic","Pure Random",4206588767271950979,32,5,true,true,3,115,5810216400,0.5,25.6,24.040024938445264,"eliteProp",0.1,"mutateProb",0.05,"generations",50,"populationSize",100,"planLength",15,"selectionProp",0.25,"marginProp",1.5,"mutationProp",0.25
"Greedy","Pure Random",4206588767271950979,32,5,true,true,0,93,74200,0.5,25.6,15.400241750028485
"Ants","Pure Random",4206588767271950979,32,5,true,false,0,126,5515531100,0.5,25.6,25.520331410011885,"evaporationFactor",0.5,"ants",50.0,"roverSteps",20,"alpha",1.0,"beta",3.0,"iterations",100
"Genetic","Pure Random",5659673703155272241,32,5,false,true,0,49,2460526500,0.5,12.8,9.505031115957761,"eliteProp",0.1,"mutateProb",0.05,"generations",50,"populationSize",100,"planLength",15,"selectionProp",0.25,"marginProp",1.5,"mutationProp",0.25
"Greedy","Pure Random",5659673703155272241,32,5,false,false,0,54,22800,0.5,12.8,12.718676918476518
"Ants","Pure Random",5659673703155272241,32,5,false,false,1,60,2804109500,0.5,12.8,12.749747029350777,"evaporationFactor",0.5,"ants",50.0,"roverSteps",20,"alpha",1.0,"beta",3.0,"iterations",100
"Genetic","Pure Random",-6297500401750889894,32,5,false,true,0,31,1703524400,0.5,6.4,6.153256492544345,"eliteProp",0.1,"mutateProb",0.05,"generations",50,"populationSize",100,"planLength",15,"selectionProp",0.25,"marginProp",1.5,"mutationProp",0.25
"Greedy","Pure Random",-6297500401750889894,32,5,false,true,0,29,13000,0.5,6.4,6.320617518589836
"Ants","Pure Random",-6297500401750889894,32,5,false,false,0,23,1251941800,0.5,6.4,6.336307021790872,"evaporationFactor",0.5,"ants",50.0,"roverSteps",20,"alpha",1.0,"beta",3.0,"iterations",100
"Genetic","Pure Random",-777393425291188667,32,5,true,true,5,211,10020912900,0.6,102.4,48.07297328694919,"eliteProp",0.1,"mutateProb",0.05,"generations",50,"populationSize",100,"planLength",15,"selectionProp",0.25,"marginProp",1.5,"mutationProp",0.25
"Greedy","Pure Random",-777393425291188667,32,5,true,true,4,471,314200,0.6,102.4,91.13462519254824
"Ants","Pure Random",-777393425291188667,32,5,true,true,5,451,43670533300,0.6,102.4,96.52385850392704,"evaporationFactor",0.5,"ants",50.0,"roverSteps",20,"alpha",1.0,"beta",3.0,"iterations",100
"Genetic","Pure Random",4765717782853006982,32,5,true,true,5,185,21271952800,0.6,51.2,44.57668272993266,"eliteProp",0.1,"mutateProb",0.05,"generations",50,"populationSize",100,"planLength",15,"selectionProp",0.25,"marginProp",1.5,"mutationProp",0.25
"Greedy","Pure Random",4765717782853006982,32,5,true,true,4,195,251900,0.6,51.2,39.75061230500343
"Ants","Pure Random",4765717782853006982,32,5,true,false,3,247,17331208900,0.6,51.2,51.168395745341755,"evaporationFactor",0.5,"ants",50.0,"roverSteps",20,"alpha",1.0,"beta",3.0,"iterations",100
"Genetic","Pure Random",-5205373616463310771,32,5,true,true,2,113,6204357600,0.6,25.6,25.10063937730755,"eliteProp",0.1,"mutateProb",0.05,"generations",50,"populationSize",100,"planLength",15,"selectionProp",0.25,"marginProp",1.5,"mutationProp",0.25
"Greedy","Pure Random",-5205373616463310771,32,5,true,true,1,73,54300,0.6,25.6,13.754124202126867
"Ants","Pure Random",-5205373616463310771,32,5,true,false,3,124,7139444000,0.6,25.6,25.563063035512748,"evaporationFactor",0.5,"ants",50.0,"roverSteps",20,"alpha",1.0,"beta",3.0,"iterations",100
"Genetic","Pure Random",-2970354585848675109,32,5,false,true,0,55,2526390300,0.6,12.8,10.83091394518856,"eliteProp",0.1,"mutateProb",0.05,"generations",50,"populationSize",100,"planLength",15,"selectionProp",0.25,"marginProp",1.5,"mutationProp",0.25
"Greedy","Pure Random",-2970354585848675109,32,5,false,false,0,82,60300,0.6,12.8,12.56770222145408
"Ants","Pure Random",-2970354585848675109,32,5,false,false,0,58,2686209400,0.6,12.8,12.608457266012008,"evaporationFactor",0.5,"ants",50.0,"roverSteps",20,"alpha",1.0,"beta",3.0,"iterations",100
"Genetic","Pure Random",4619010204325438833,32,5,false,true,1,23,1919020900,0.6,6.4,5.044646663978639,"eliteProp",0.1,"mutateProb",0.05,"generations",50,"populationSize",100,"planLength",15,"selectionProp",0.25,"marginProp",1.5,"mutationProp",0.25
"Greedy","Pure Random",4619010204325438833,32,5,false,false,0,41,18700,0.6,6.4,6.382473999854056
"Ants","Pure Random",4619010204325438833,32,5,false,false,1,26,1265796100,0.6,6.4,6.343226970900896,"evaporationFactor",0.5,"ants",50.0,"roverSteps",20,"alpha",1.0,"beta",3.0,"iterations",100
"Genetic","Pure Random",4813927375836400959,32,3,true,true,3,209,5948441100,0.0,102.4,38.69184000350539,"eliteProp",0.1,"mutateProb",0.05,"generations",50,"populationSize",100,"planLength",15,"selectionProp",0.25,"marginProp",1.5,"mutationProp",0.25
"Greedy","Pure Random",4813927375836400959,32,3,true,true,2,439,375400,0.0,102.4,89.83664272017427
"Ants","Pure Random",4813927375836400959,32,3,true,true,3,623,52960773500,0.0,102.4,96.914827679462,"evaporationFactor",0.5,"ants",50.0,"roverSteps",20,"alpha",1.0,"beta",3.0,"iterations",100
"Genetic","Pure Random",-8882270453684674033,32,3,true,true,3,97,3635857900,0.0,51.2,19.227409935346014,"eliteProp",0.1,"mutateProb",0.05,"generations",50,"populationSize",100,"planLength",15,"selectionProp",0.25,"marginProp",1.5,"mutationProp",0.25
"Greedy","Pure Random",-8882270453684674033,32,3,true,true,3,163,141900,0.0,51.2,34.3513128013351
"Ants","Pure Random",-8882270453684674033,32,3,true,true,3,115,14357852400,0.0,51.2,19.17996169496284,"evaporationFactor",0.5,"ants",50.0,"roverSteps",20,"alpha",1.0,"beta",3.0,"iterations",100
"Genetic","Pure Random",5026863699686047173,32,3,true,true,3,87,3551697800,0.0,25.6,15.468165766124924,"eliteProp",0.1,"mutateProb",0.05,"generations",50,"populationSize",100,"planLength",15,"selectionProp",0.25,"marginProp",1.5,"mutationProp",0.25
"Greedy","Pure Random",5026863699686047173,32,3,true,true,2,69,46600,0.0,25.6,13.879759241804612
"Ants","Pure Random",5026863699686047173,32,3,true,true,3,133,10676452200,0.0,25.6,21.0937938371485,"evaporationFactor",0.5,"ants",50.0,"roverSteps",20,"alpha",1.0,"beta",3.0,"iterations",100
"Genetic","Pure Random",-1380595365295974929,32,3,true,true,1,71,2552242900,0.0,12.8,11.806345780568039,"eliteProp",0.1,"mutateProb",0.05,"generations",50,"populationSize",100,"planLength",15,"selectionProp",0.25,"marginProp",1.5,"mutationProp",0.25
"Greedy","Pure Random",-1380595365295974929,32,3,false,false,0,119,53800,0.0,12.8,12.66164508075776
"Ants","Pure Random",-1380595365295974929,32,3,false,false,0,104,4253589400,0.0,12.8,12.788382656571025,"evaporationFactor",0.5,"ants",50.0,"roverSteps",20,"alpha",1.0,"beta",3.0,"iterations",100
"Genetic","Pure Random",-4704400130897236999,32,3,false,true,1,39,2270339100,0.0,6.4,5.95332231870852,"eliteProp",0.1,"mutateProb",0.05,"generations",50,"populationSize",100,"planLength",15,"selectionProp",0.25,"marginProp",1.5,"mutationProp",0.25
"Greedy","Pure Random",-4704400130897236999,32,3,false,false,0,35,14900,0.0,6.4,6.247049708205598
"Ants","Pure Random",-4704400130897236999,32,3,false,false,1,46,2545287600,0.0,6.4,6.348817135649431,"evaporationFactor",0.5,"ants",50.0,"roverSteps",20,"alpha",1.0,"beta",3.0,"iterations",100
"Genetic","Pure Random",-1978861865571997765,32,3,true,true,3,137,4928108200,0.1,102.4,28.53987730106627,"eliteProp",0.1,"mutateProb",0.05,"generations",50,"populationSize",100,"planLength",15,"selectionProp",0.25,"marginProp",1.5,"mutationProp",0.25
"Greedy","Pure Random",-1978861865571997765,32,3,false,false,0,564,376500,0.1,102.4,102.2554711113791
"Ants","Pure Random",-1978861865571997765,32,3,true,true,3,471,39143561500,0.1,102.4,82.56081895846953,"evaporationFactor",0.5,"ants",50.0,"roverSteps",20,"alpha",1.0,"beta",3.0,"iterations",100
"Genetic","Pure Random",1420904042495575933,32,3,true,true,3,137,6968984400,0.1,51.2,28.586512795517155,"eliteProp",0.1,"mutateProb",0.05,"generations",50,"populationSize",100,"planLength",15,"selectionProp",0.25,"marginProp",1.5,"mutationProp",0.25
"Greedy","Pure Random",1420904042495575933,32,3,true,true,3,163,106600,0.1,51.2,32.012798330921896
"Ants","Pure Random",1420904042495575933,32,3,true,false,3,309,16954675800,0.1,51.2,51.19962456453086,"evaporationFactor",0.5,"ants",50.0,"roverSteps",20,"alpha",1.0,"beta",3.0,"iterations",100
"Genetic","Pure Random",5773688791606795181,32,3,true,true,1,151,5826334500,0.1,25.6,25.39129009309306,"eliteProp",0.1,"mutateProb",0.05,"generations",50,"populationSize",100,"planLength",15,"selectionProp",0.25,"marginProp",1.5,"mutationProp",0.25
"Greedy","Pure Random",5773688791606795181,32,3,false,false,0,149,106100,0.1,25.6,25.41097653170213
"Ants","Pure Random",5773688791606795181,32,3,true,false,1,163,7736739900,0.1,25.6,25.3444072843097,"evaporationFactor",0.5,"ants",50.0,"roverSteps",20,"alpha",1.0,"beta",3.0,"iterations",100
"Genetic","Pure Random",3114166708998103508,32,3,true,true,0,63,2251228800,0.1,12.8,11.646024993434839,"eliteProp",0.1,"mutateProb",0.05,"generations",50,"populationSize",100,"planLength",15,"selectionProp",0.25,"marginProp",1.5,"mutationProp",0.25
"Greedy","Pure Random",3114166708998103508,32,3,false,false,0,72,31000,0.1,12.8,12.773040077181317
"Ants","Pure Random",3114166708998103508,32,3,false,false,0,83,3741514300,0.1,12.8,12.747893257756187,"evaporationFactor",0.5,"ants",50.0,"roverSteps",20,"alpha",1.0,"beta",3.0,"iterations",100
"Genetic","Pure Random",1453439036300382602,32,3,true,true,0,29,1198054200,0.1,6.4,5.631736276158722,"eliteProp",0.1,"mutateProb",0.05,"generations",50,"populationSize",100,"planLength",15,"selectionProp",0.25,"marginProp",1.5,"mutationProp",0.25
"Greedy","Pure Random",1453439036300382602,32,3,false,false,0,50,20600,0.1,6.4,6.175328780570693
"Ants","Pure Random",1453439036300382602,32,3,true,false,0,34,1491011300,0.1,6.4,6.366703740735439,"evaporationFactor",0.5,"ants",50.0,"roverSteps",20,"alpha",1.0,"beta",3.0,"iterations",100
"Genetic","Pure Random",-3020645968820363395,32,3,true,true,3,103,4110788500,0.2,102.4,19.54853921870607,"eliteProp",0.1,"mutateProb",0.05,"generations",50,"populationSize",100,"planLength",15,"selectionProp",0.25,"marginProp",1.5,"mutationProp",0.25
"Greedy","Pure Random",-3020645968820363395,32,3,true,false,2,661,372600,0.2,102.4,102.33686968382871
"Ants","Pure Random",-3020645968820363395,32,3,true,true,3,239,13971840500,0.2,102.4,40.36014246969214,"evaporationFactor",0.5,"ants",50.0,"roverSteps",20,"alpha",1.0,"beta",3.0,"iterations",100
"Genetic","Pure Random",-4990456266342535730,32,3,true,true,3,93,3167421000,0.2,51.2,19.807257270256404,"eliteProp",0.1,"mutateProb",0.05,"generations",50,"populationSize",100,"planLength",15,"selectionProp",0.25,"marginProp",1.5,"mutationProp",0.25
"Greedy","Pure Random",-4990456266342535730,32,3,true,true,3,123,101100,0.2,51.2,26.81702593799213
"Ants","Pure Random",-4990456266342535730,32,3,true,false,2,281,14774487000,0.2,51.2,51.15549498078063,"evaporationFactor",0.5,"ants",50.0,"roverSteps",20,"alpha",1.0,"beta",3.0,"iterations",100
"Genetic","Pure Random",-2151952855897594301,32,3,true,true,1,97,2682614700,0.2,25.6,22.289465964867883,"eliteProp",0.1,"mutateProb",0.05,"generations",50,"populationSize",100,"planLength",15,"selectionProp",0.25,"marginProp",1.5,"mutationProp",0.25
"Greedy","Pure Random",-2151952855897594301,32,3,false,false,0,198,105900,0.2,25.6,25.596799679596543
"Ants","Pure Random",-2151952855897594301,32,3,true,false,1,147,8391500000,0.2,25.6,25.558714436966284,"evaporationFactor",0.5,"ants",50.0,"roverSteps",20,"alpha",1.0,"beta",3.0,"iterations",100
"Genetic","Pure Random",-3428287693905747416,32,3,true,true,2,53,1940307200,0.2,12.8,10.122457254746857,"eliteProp",0.1,"mutateProb",0.05,"generations",50,"populationSize",100,"planLength",15,"selectionProp",0.25,"marginProp",1.5,"mutationProp",0.25
"Greedy","Pure Random",-3428287693905747416,32,3,false,false,0,85,53500,0.2,12.8,12.592696081763023
"Ants","Pure Random",-3428287693905747416,32,3,true,false,1,64,3437264500,0.2,12.8,12.505701873761861,"evaporationFactor",0.5,"ants",50.0,"roverSteps",20,"alpha",1.0,"beta",3.0,"iterations",100
"Genetic","Pure Random",-5368903691777925933,32,3,false,true,0,25,775569500,0.2,6.4,5.581345636888907,"eliteProp",0.1,"mutateProb",0.05,"generations",50,"populationSize",100,"planLength",15,"selectionProp",0.25,"marginProp",1.5,"mutationProp",0.25
"Greedy","Pure Random",-5368903691777925933,32,3,false,false,0,31,14200,0.2,6.4,6.295708353455748
"Ants","Pure Random",-5368903691777925933,32,3,false,false,0,45,1864371000,0.2,6.4,6.302249150240426,"evaporationFactor",0.5,"ants",50.0,"roverSteps",20,"alpha",1.0,"beta",3.0,"iterations",100
"Genetic","Pure Random",-7066873847841027800,32,3,true,true,3,121,4044231700,0.3,102.4,27.991307495121546,"eliteProp",0.1,"mutateProb",0.05,"generations",50,"populationSize",100,"planLength",15,"selectionProp",0.25,"marginProp",1.5,"mutationProp",0.25
"Greedy","Pure Random",-7066873847841027800,32,3,false,false,0,509,298400,0.3,102.4,102.37706298752286
"Ants","Pure Random",-7066873847841027800,32,3,true,true,3,259,25049250500,0.3,102.4,51.98115736742251,"evaporationFactor",0.5,"ants",50.0,"roverSteps",20,"alpha",1.0,"beta",3.0,"iterations",100
"Genetic","Pure Random",6707844033110609807,32,3,true,true,3,71,4136659400,0.3,51.2,13.981918509662641,"eliteProp",0.1,"mutateProb",0.05,"generations",50,"populationSize",100,"planLength",15,"selectionProp",0.25,"marginProp",1.5,"mutationProp",0.25
"Greedy","Pure Random",6707844033110609807,32,3,true,true,1,31,41900,0.3,51.2,5.551704985070764
"Ants","Pure Random",6707844033110609807,32,3,true,true,3,129,12238995400,0.3,51.2,25.093068644947504,"evaporationFactor",0.5,"ants",50.0,"roverSteps",20,"alpha",1.0,"beta",3.0,"iterations",100
"Genetic","Pure Random",7048239064551229750,32,3,true,true,3,97,4407262700,0.3,25.6,19.473122022010998,"eliteProp",0.1,"mutateProb",0.05,"generations",50,"populationSize",100,"planLength",15,"selectionProp",0.25,"marginProp",1.5,"mutationProp",0.25
"Greedy","Pure Random",7048239064551229750,32,3,true,true,1,71,50100,0.3,25.6,12.78221100316292
"Ants","Pure Random",7048239064551229750,32,3,true,false,1,147,7430341000,0.3,25.6,25.378812538334248,"evaporationFactor",0.5,"ants",50.0,"roverSteps",20,"alpha",1.0,"beta",3.0,"iterations",100
"Genetic","Pure Random",6555648932101000865,32,3,true,true,2,59,2257600600,0.3,12.8,12.115836816548578,"eliteProp",0.1,"mutateProb",0.05,"generations",50,"populationSize",100,"planLength",15,"selectionProp",0.25,"marginProp",1.5,"mutationProp",0.25
"Greedy","Pure Random",6555648932101000865,32,3,false,false,0,60,23600,0.3,12.8,12.734957343969574
"Ants","Pure Random",6555648932101000865,32,3,true,false,1,58,2797070800,0.3,12.8,12.72443418930595,"evaporationFactor",0.5,"ants",50.0,"roverSteps",20,"alpha",1.0,"beta",3.0,"iterations",100
"Genetic","Pure Random",-6864987700322798906,32,3,false,true,0,23,753980100,0.3,6.4,5.589045190644802,"eliteProp",0.1,"mutateProb",0.05,"generations",50,"populationSize",100,"planLength",15,"selectionProp",0.25,"marginProp",1.5,"mutationProp",0.25
"Greedy","Pure Random",-6864987700322798906,32,3,false,false,0,50,23200,0.3,6.4,6.371200883296188
"Ants","Pure Random",-6864987700322798906,32,3,false,false,0,33,1538499600,0.3,6.4,6.334525286253606,"evaporationFactor",0.5,"ants",50.0,"roverSteps",20,"alpha",1.0,"beta",3.0,"iterations",100
"Genetic","Pure Random",6119378571577563473,32,3,true,true,3,131,3822649600,0.4,102.4,30.998658443352625,"eliteProp",0.1,"mutateProb",0.05,"generations",50,"populationSize",100,"planLength",15,"selectionProp",0.25,"marginProp",1.5,"mutationProp",0.25
"Greedy","Pure Random",6119378571577563473,32,3,true,true,3,111,76200,0.4,102.4,23.131508074441328
"Ants","Pure Random",6119378571577563473,32,3,true,true,3,299,22913558300,0.4,102.4,62.44656417216677,"evaporationFactor",0.5,"ants",50.0,"roverSteps",20,"alpha",1.0,"beta",3.0,"iterations",100
"Genetic","Pure Random",-3564486017952920119,32,3,true,true,3,115,3631672600,0.4,51.2,24.774927805249792,"eliteProp",0.1,"mutateProb",0.05,"generations",50,"populationSize",100,"planLength",15,"selectionProp",0.25,"marginProp",1.5,"mutationProp",0.25
"Greedy","Pure Random",-3564486017952920119,32,3,true,true,1,201,526100,0.4,51.2,38.61835153518538
"Ants","Pure Random",-3564486017952920119,32,3,true,false,2,254,14256621900,0.4,51.2,51.136136183589024,"evaporationFactor",0.5,"ants",50.0,"roverSteps",20,"alpha",1.0,"beta",3.0,"iterations",100
"Genetic","Pure Random",-8605430755812545893,32,3,true,false,1,132,4218117800,0.4,25.6,25.137763138420418,"eliteProp",0.1,"mutateProb",0.05,"generations",50,"populationSize",100,"planLength",15,"selectionProp",0.25,"marginProp",1.5,"mutationProp",0.25
"Greedy","Pure Random",-8605430755812545893,32,3,false,false,0,144,78100,0.4,25.6,25.55315050899672
"Ants","Pure Random",-8605430755812545893,32,3,true,false,1,134,6222739800,0.4,25.6,25.426022311992252,"evaporationFactor",0.5,"ants",50.0,"roverSteps",20,"alpha",1.0,"beta",3.0,"iterations",100
"Genetic","Pure Random",-4650708011867698586,32,3,true,true,1,53,2659540200,0.4,12.8,11.695017217039048,"eliteProp",0.1,"mutateProb",0.05,"generations",50,"populationSize",100,"planLength",15,"selectionProp",0.25,"marginProp",1.5,"mutationProp",0.25
"Greedy","Pure Random",-4650708011867698586,32,3,false,false,0,87,43600,0.4,12.8,12.465172012707072
"Ants","Pure Random",-4650708011867698586,32,3,true,false,1,70,3546248300,0.4,12.8,12.70787915099186,"evaporationFactor",0.5,"ants",50.0,"roverSteps",20,"alpha",1.0,"beta",3.0,"iterations",100
"Genetic","Pure Random",-4499712267120542980,32,3,false,true,0,25,764059400,0.4,6.4,5.108351536054709,"eliteProp",0.1,"mutateProb",0.05,"generations",50,"populationSize",100,"planLength",15,"selectionProp",0.25,"marginProp",1.5,"mutationProp",0.25
"Greedy","Pure Random",-4499712267120542980,32,3,false,false,0,38,19000,0.4,6.4,6.233078319095247
"Ants","Pure Random",-4499712267120542980,32,3,false,false,0,25,1290011400,0.4,6.4,6.232757106336562,"evaporationFactor",0.5,"ants",50.0,"roverSteps",20,"alpha",1.0,"beta",3.0,"iterations",100
"Genetic","Pure Random",-8460646230844012311,32,3,true,true,3,145,5784759500,0.5,102.4,31.221845652673238,"eliteProp",0.1,"mutateProb",0.05,"generations",50,"populationSize",100,"planLength",15,"selectionProp",0.25,"marginProp",1.5,"mutationProp",0.25
"Greedy","Pure Random",-8460646230844012311,32,3,false,false,0,744,411600,0.5,102.4,102.15861841998083
"Ants","Pure Random",-8460646230844012311,32,3,true,true,3,341,24084477700,0.5,102.4,73.37854707687943,"evaporationFactor",0.5,"ants",50.0,"roverSteps",20,"alpha",1.0,"beta",3.0,"iterations",100
"Genetic","Pure Random",9075261238841592716,32,3,true,true,3,97,3411911200,0.5,51.2,20.9238514898606,"eliteProp",0.1,"mutateProb",0.05,"generations",50,"populationSize",100,"planLength",15,"selectionProp",0.25,"marginProp",1.5,"mutationProp",0.25
"Greedy","Pure Random",9075261238841592716,32,3,false,false,0,294,159800,0.5,51.2,51.11298710398622
"Ants","Pure Random",9075261238841592716,32,3,true,false,2,261,15581328100,0.5,51.2,51.04132409793631,"evaporationFactor",0.5,"ants",50.0,"roverSteps",20,"alpha",1.0,"beta",3.0,"iterations",100
"Genetic","Pure Random",-2412499812246606597,32,3,true,true,1,105,3167272900,0.5,25.6,24.69572056592199,"eliteProp",0.1,"mutateProb",0.05,"generations",50,"populationSize",100,"planLength",15,"selectionProp",0.25,"marginProp",1.5,"mutationProp",0.25
"Greedy","Pure Random",-2412499812246606597,32,3,true,false,0,212,114600,0.5,25.6,25.556325862225236
"Ants","Pure Random",-2412499812246606597,32,3,false,false,0,131,5431158800,0.5,25.6,25.370147102515915,"evaporationFactor",0.5,"ants",50.0,"roverSteps",20,"alpha",1.0,"beta",3.0,"iterations",100
"Genetic","Pure Random",2371240973560041041,32,3,true,false,0,54,1948517700,0.5,12.8,12.361908370963317,"eliteProp",0.1,"mutateProb",0.05,"generations",50,"populationSize",100,"planLength",15,"selectionProp",0.25,"marginProp",1.5,"mutationProp",0.25
"Greedy","Pure Random",2371240973560041041,32,3,true,false,0,64,25600,0.5,12.8,12.785078944354595
"Ants","Pure Random",2371240973560041041,32,3,true,false,0,61,2771521900,0.5,12.8,12.771390677110556,"evaporationFactor",0.5,"ants",50.0,"roverSteps",20,"alpha",1.0,"beta",3.0,"iterations",100
"Genetic","Pure Random",1339296216686030867,32,3,false,true,0,33,1501168500,0.5,6.4,6.3381705073712675,"eliteProp",0.1,"mutateProb",0.05,"generations",50,"populationSize",100,"planLength",15,"selectionProp",0.25,"marginProp",1.5,"mutationProp",0.25
"Greedy","Pure Random",1339296216686030867,32,3,false,false,0,41,18900,0.5,6.4,6.274438206367201
"Ants","Pure Random",1339296216686030867,32,3,false,false,1,34,1679306500,0.5,6.4,6.368497414857718,"evaporationFactor",0.5,"ants",50.0,"roverSteps",20,"alpha",1.0,"beta",3.0,"iterations",100
"Genetic","Pure Random",1708945487659040721,32,3,true,true,3,113,3404519300,0.6,102.4,24.170521678580982,"eliteProp",0.1,"mutateProb",0.05,"generations",50,"populationSize",100,"planLength",15,"selectionProp",0.25,"marginProp",1.5,"mutationProp",0.25
"Greedy","Pure Random",1708945487659040721,32,3,true,true,3,237,216100,0.6,102.4,46.44873809596094
"Ants","Pure Random",1708945487659040721,32,3,true,true,3,419,29430341200,0.6,102.4,85.13215847278146,"evaporationFactor",0.5,"ants",50.0,"roverSteps",20,"alpha",1.0,"beta",3.0,"iterations",100
"Genetic","Pure Random",5924143555829147436,32,3,true,true,1,235,6726809200,0.6,51.2,49.71539669739184,"eliteProp",0.1,"mutateProb",0.05,"generations",50,"populationSize",100,"planLength",15,"selectionProp",0.25,"marginProp",1.5,"mutationProp",0.25
"Greedy","Pure Random",5924143555829147436,32,3,true,false,0,254,204400,0.6,51.2,51.19130765090034
"Ants","Pure Random",5924143555829147436,32,3,true,true,3,213,13392900400,0.6,51.2,43.03586923960512,"evaporationFactor",0.5,"ants",50.0,"roverSteps",20,"alpha",1.0,"beta",3.0,"iterations",100
"Genetic","Pure Random",-2463658354466388504,32,3,true,true,2,105,4225614300,0.6,25.6,22.886590046000343,"eliteProp",0.1,"mutateProb",0.05,"generations",50,"populationSize",100,"planLength",15,"selectionProp",0.25,"marginProp",1.5,"mutationProp",0.25
"Greedy","Pure Random",-2463658354466388504,32,3,false,false,0,111,83400,0.6,25.6,25.554212447279237
"Ants","Pure Random",-2463658354466388504,32,3,true,false,1,121,5415085900,0.6,25.6,25.45033205827844,"evaporationFactor",0.5,"ants",50.0,"roverSteps",20,"alpha",1.0,"beta",3.0,"iterations",100
"Genetic","Pure Random",4172328163576803256,32,3,true,true,0,43,1561658600,0.6,12.8,9.525698382824464,"eliteProp",0.1,"mutateProb",0.05,"generations",50,"populationSize",100,"planLength",15,"selectionProp",0.25,"marginProp",1.5,"mutationProp",0.25
"Greedy","Pure Random",4172328163576803256,32,3,false,false,0,93,35700,0.6,12.8,12.63607279989243
"Ants","Pure Random",4172328163576803256,32,3,true,false,0,55,2558137800,0.6,12.8,12.683055323444622,"evaporationFactor",0.5,"ants",50.0,"roverSteps",20,"alpha",1.0,"beta",3.0,"iterations",100
"Genetic","Pure Random",-1254676273282193444,32,3,false,true,0,23,753735400,0.6,6.4,5.283044797524312,"eliteProp",0.1,"mutateProb",0.05,"generations",50,"populationSize",100,"planLength",15,"selectionProp",0.25,"marginProp",1.5,"mutationProp",0.25
"Greedy","Pure Random",-1254676273282193444,32,3,false,false,0,26,12900,0.6,6.4,5.992201376228788
"Ants","Pure Random",-1254676273282193444,32,3,true,false,0,27,1269513000,0.6,6.4,6.368689666721345,"evaporationFactor",0.5,"ants",50.0,"roverSteps",20,"alpha",1.0,"beta",3.0,"iterations",100
